{"0": {"longitude": 20.904209874965364, "deviation": 0.904209874965364, "turns": [1.047197551196597, 0.6981317007977316, 1.0471975511965967, 1.0471975511965972, 0.34906585039886656, 0.34906585039886506, 0.4532024445896777, 0.349065850398866, 0.3572591089382667], "max_turn": 1.0471975511965972, "m1: tiempo de vuelo": 13.936139916643576, "m2": 0, "m3: cant de giros": 9, "m4: suma de angulos": 5.697383459112064, "angles_rate": 0.6330426065680071}, "1": {"longitude": 10.117612801805397, "deviation": 0.11748780258663771, "turns": [0.34906585039886584, 0.6981317007977316, 0.3490658503988658, 0.34906585039886584, 0.3647191562894609, 0.3490658503988663, 0.37364737233419726, 0.34906585039886584, 0.3776182736464756], "max_turn": 0.6981317007977316, "m1: tiempo de vuelo": 6.745075201203598, "m2": 0, "m3: cant de giros": 9, "m4: suma de angulos": 3.559445755062195, "angles_rate": 0.39549397278468834}, "2": {"longitude": 24.396367500331433, "deviation": 8.222236920915424, "turns": [0.7133031569525909, 0.6981317007977315, 0.7139611031646076, 0.6981317007977319, 0.3490658503988656, 0.34906585039886656, 1.0471975511965967, 0.042910991428234874], "max_turn": 1.0471975511965967, "m1: tiempo de vuelo": 16.264245000220956, "m2": 0, "m3: cant de giros": 8, "m4: suma de angulos": 4.611767905135225, "angles_rate": 0.5764709881419031}, "3": {"longitude": 16.307078225979676, "deviation": 0.17930714625511612, "turns": [0.6981317007977326, 0.7137164390327596, 0.6981317007977312, 0.7144114825149446], "max_turn": 0.7144114825149446, "m1: tiempo de vuelo": 10.871385483986451, "m2": 0, "m3: cant de giros": 4, "m4: suma de angulos": 2.8243913231431677, "angles_rate": 0.7060978307857919}, "4": {"longitude": 24.996595888322627, "deviation": 1.6041825882802385, "turns": [0.34906585039886356, 1.0471975511965967, 0.7031718315014148, 0.698131700797732, 0.7092312542339163, 0.6981317007977316, 0.7095796482769061, 0.6981317007977316, 0.7099505965302991, 0.6981317007977307, 0.7103463606204085, 0.6981317007977302, 0.7107695148119522, 0.6981317007977326, 0.8319603491193879, 0.6981317007977315, 0.7135854987935495, 0.34906585039886723, 0.3576902875278595], "max_turn": 1.0471975511965967, "m1: tiempo de vuelo": 16.664397258881753, "m2": 0, "m3: cant de giros": 19, "m4: suma de angulos": 12.78853649899414, "angles_rate": 0.6730808683681127}, "5": {"longitude": 24.174579579460442, "deviation": 0.825007848912577, "turns": [1.0471975511966, 0.34409943612161925, 0.6981317007977349, 0.7090640518031817, 0.6981317007977316, 0.7094018799036809, 0.6981317007977358, 0.709761228872518, 0.6981317007977309, 0.7101442211438186, 0.6981317007977338, 0.7105532675512779, 0.6981317007977338, 0.7109911180090291, 0.698131700797731, 0.7141117005437959, 0.6981317007977338, 0.714843215494981], "max_turn": 1.0471975511966, "m1: tiempo de vuelo": 16.11638638630696, "m2": 0, "m3: cant de giros": 18, "m4: suma de angulos": 12.665221277022368, "angles_rate": 0.7036234042790205}, "waypoints": {"0": {"X": [0.0, 0.2872666661696168, 0.6396513989643325, 0.9920361317590481, 1.2793027979286653, 1.631687530723381, 1.9189541968929973, 2.206220863062614, 2.4934875292322305, 2.780754195401847, 3.0680208615714637, 3.3552875277410803, 3.7076722605357957, 4.080640766725936, 4.444448697438129, 4.817085309892746, 5.1897219223473625, 5.562358534801979, 5.934995147256596, 6.307631759711213, 6.68026837216583, 7.052904984620446, 7.425541597075063, 7.79817820952968, 8.170814821984296, 8.543451434438913, 8.91608804689353, 9.288724659348146, 9.661361271802763, 10.03399788425738, 10.406634496711996, 10.779271109166613, 11.15190772162123, 11.524544334075847, 11.897180946530463, 12.26981755898508, 12.642454171439697, 13.015090783894314, 13.38772739634893, 13.760364008803547, 14.133000621258164, 14.50563723371278, 14.878273846167398, 15.250910458622014, 15.623547071076631, 15.996183683531248, 16.368820295985863, 16.74145690844048, 17.114093520895096, 17.486730133349713, 17.85936674580433, 18.232003358258947, 20.0], "Y": [0.0, -0.24104535363245222, -0.11278779988532667, -0.2410453536324526, -6.38378239159465e-16, -0.12825755374712675, -0.3693029073795794, -0.610348261012032, -0.8513936146444846, -1.0924389682769373, -1.33348432190939, -1.5745296755418425, -1.702787229288969, -1.663806549583563, -1.7547394344542864, -1.7127042699090165, -1.6706691053637466, -1.6286339408184767, -1.5865987762732068, -1.5445636117279369, -1.502528447182667, -1.460493282637397, -1.4184581180921272, -1.3764229535468573, -1.3343877890015874, -1.2923526244563175, -1.2503174599110476, -1.2082822953657777, -1.1662471308205078, -1.124211966275238, -1.082176801729968, -1.040141637184698, -0.9981064726394283, -0.9560713080941585, -0.9140361435488887, -0.872000979003619, -0.8299658144583492, -0.7879306499130794, -0.7458954853678096, -0.7038603208225398, -0.66182515627727, -0.6197899917320001, -0.5777548271867302, -0.5357196626414603, -0.49368449809619047, -0.45164933355092063, -0.4096141690056508, -0.36757900446038094, -0.3255438399151111, -0.28350867536984126, -0.2414735108245714, -0.19943834627930154, 0.0]}, "1": {"X": [10.0, 9.625004687412112, 9.271983079591179, 8.920244031275823, 8.545248718687935, 8.19350967037258, 7.818530950261472, 7.443552230150365, 7.068573510039258, 6.6935947899281505, 6.318616069817043, 5.943637349705936, 5.568658629594829, 5.214927546903499, 4.840160303326761, 4.483476086881757, 4.10923873174957, 3.735001376617382, 3.3607640214851946, 2.986526666353007, 2.6122893112208194, 2.238051956088632, 1.863814600956444, 0.0], "Y": [0.0, 0.0018749765629394444, -0.12461907235448352, 0.005398779843620888, 0.0072737564065603316, 0.13729160860466474, 0.13329667883856264, 0.12930174907246053, 0.12530681930635842, 0.12131188954025632, 0.11731695977415421, 0.1133220300080521, 0.10932710024195, 0.2338233698166627, 0.22061302758437537, 0.33637731283252015, 0.3124732959386007, 0.2885692790446812, 0.26466526215076175, 0.24076124525684228, 0.21685722836292282, 0.19295321146900335, 0.16904919457508388, 0.05]}, "2": {"X": [15.0, 14.64342291205684, 14.297813378212265, 13.939516081625554, 13.596253407051163, 13.236249217813906, 12.87624502857665, 12.516240839339392, 12.156236650102135, 11.796232460864879, 11.436228271627622, 11.076224082390365, 10.716219893153108, 10.35621570391585, 9.996211514678594, 9.636207325441337, 9.27620313620408, 8.916198946966823, 8.556194757729566, 8.196190568492309, 7.836186379255052, 7.476182190017795, 7.116178000780538, 6.756173811543281, 6.396169622306024, 6.036165433068767, 5.67616124383151, 5.316157054594253, 4.956152865356996, 4.596148676119739, 4.236144486882482, 3.8761402976452253, 3.5161361084079683, 3.1561319191707113, 2.7961277299334544, 2.4361235406961974, 2.0761193514589404, 1.7161151622216837, 1.356110972984427, 0.9819104906908276, 0.6386478161164375, 0.5977712194049755, 0.5729230788909536, 0.5480749383769318, 0.5232267978629099, 0.49837865734888803, 0.47353051683486613, 0.44868237632084423, 0.42383423580682233, 0.3989860952928005, 0.3741379547787786, 0.3492898142647567, 0.3244416737507348, 0.2995935332367129, 0.27474539272269105, 0.24989725220866918, 0.2250491116946473, 0.20020097118062544, 0.17535283066660357, 0.15050469015258167, 0.1256565496385598, 0.10080840912453791, 0.0],