{"0": {"longitude": 21.012247889662895, "deviation": 1.0122478896628948, "turns": [0.4072434921320101, 0.47227724270892857, 0.4072434921320105, 0.40724349213200994, 0.8144869842640209, 0.4072434921320105, 0.6029077919065037, 0.40724349213200994, 0.4743024934937371, 0.40724349213201, 0.5061222069804773], "turns_sum": 5.313557672145729, "max_turn": 0.8144869842640209, "m1": 21.012247889662895, "m2": 0, "m3": 11, "m4": 0}, "1": {"longitude": 20.366286213695894, "deviation": 0.36628621369589354, "turns": [0.4072434921320104, 0.4673491847291533, 0.4072434921320102, 0.4423762436154212, 0.4072434921320109, 0.4495439195347953], "turns_sum": 2.580999824275401, "max_turn": 0.4673491847291533, "m1": 20.366286213695894, "m2": 0, "m3": 6, "m4": 0}, "2": {"longitude": 21.130396348248752, "deviation": 1.1303963482487518, "turns": [0.4072434921320103, 0.47227724270892824, 0.40724349213201055, 0.814486984264021, 0.4072434921320103, 0.8144869842640196, 1.0199500787045856], "turns_sum": 4.3429317663375855, "max_turn": 1.0199500787045856, "m1": 21.130396348248752, "m2": 0, "m3": 7, "m4": 0}, "3": {"longitude": 21.111644699353228, "deviation": 1.1116446993532278, "turns": [0.4072434921320102, 0.4353631798004718, 0.40724349213201005, 0.4072434921320103, 0.4072434921320101, 0.4072434921320104, 0.8527837874233776, 0.8144869842640206, 0.9357966482792063, 0.40724349213201044, 0.5037243291721], "turns_sum": 5.985615881731238, "max_turn": 0.9357966482792063, "m1": 21.111644699353228, "m2": 0, "m3": 11, "m4": 0}, "4": {"longitude": 20.0, "deviation": 0.0, "turns": [], "turns_sum": 0, "max_turn": 0, "m1": 20.0, "m2": 0, "m3": 0, "m4": 0}, "waypoints": {"0": {"X": [10.0, 9.0, 8.0, 7.0, 6.0, 5.0, 4.0, 3.081783893119726, 2.163567786239452, 1.1656817353795321, 0.22366629125171034, -0.5083951653446518, -1.5062812162045716, -2.4482966603323932, -3.414506947863404, -4.199605225491681, -5.180915693179325, -6.005752666533667, -7.001266264723116, -7.996779862912565, -8.992293461102014, -9.987807059291463, -10.0], "Y": [0.0, 0.0, 0.0, 0.0, 0.0, 0.0, 1.2246467991473532e-16, 0.39607976603915696, 0.7921595320783138, 0.7271716139766085, 1.0627411343813418, 1.7439797297104764, 1.678991811608771, 2.0145613320135043, 1.7568062539466665, 1.1374350450056046, 0.9450038468940275, 0.37963320086821106, 0.28501462013537715, 0.1903960394025433, 0.09577745866970941, 0.0011588779368755797, -0.0]}, "1": {"X": [3.0901699437494745, 2.781152949374527, 2.4721359549995796, 2.163118960624632, 1.8541019662496847, 1.5450849718747373, 0.8846463478757296, 0.22420772387672194, -0.027121749022775976, -0.6412627561519058, -0.8584390845974307, -1.4444801759735575, -1.620183729145945, -1.7958872823183327, -1.9715908354907203, -2.147294388663108, -2.3229979418354954, -2.4987014950078827, -2.6744050481802706, -2.8501086013526584, -3.025812154525046, -3.0901699437494745], "Y": [9.510565162951535, 8.559508646656381, 7.608452130361227, 6.657395614066074, 5.70633909777092, 4.755282581475766, 4.004402548494268, 3.2535225155127683, 2.2856209213142358, 1.4964246064708262, 0.520292216698352, -0.2899891166783205, -1.2744322391605682, -2.258875361642816, -3.2433184841250635, -4.227761606607311, -5.212204729089559, -6.196647851571807, -7.181090974054055, -8.165534096536303, -9.14997721901855, -9.510565162951535]}, "2": {"X": [-8.090169943749473, -7.281152949374525, -6.472135954999578, -5.66311896062463, -4.854101966249683, -4.0450849718747355, -3.236067977499788, -2.7260253877341127, -2.2159827979684374, -1.3704770845356862, -0.8056133964853754, 0.18223684453081268, 1.0277425579635642, 1.9963568495040622, 2.9649711410445603, 3.6837528962780794, 4.402534651511599, 5.121316406745118, 5.840098161978637, 6.558879917212156, 7.277661672445675, 7.9964434276791945, 8.090169943749473], "Y": [5.877852522924733, 5.290067270632259, 4.702282018339786, 4.114496766047313, 3.5267115137548393, 2.938926261462366, 2.3511410091698925, 1.490991861274527, 0.6308427133791615, 0.0968763393886507, -0.7283078909031073, -0.883716710872436, -1.4176830848629467, -1.1691144741666255, -0.9205458634703044, -1.6157816424283649, -2.311017421386425, -3.0062532003444855, -3.701488979302546, -4.396724758260606, -5.091960537218666, -5.787196316176726, -5.877852522924733]}, "3": {"X": [-8.090169943749475, -7.281152949374527, -6.47213595499958, -5.663118960624632, -4.854101966249685, -4.045084971874737, -3.069422691690523, -2.277251687509471, -1.3081403520606854, -0.3390290166118999, 0.45314198756915214, 0.9387990030054923, 1.0385041868105391, 1.8534611402482892, 2.6684180936860393, 3.649204148943695, 4.3880427270306335, 5.333367412687647, 6.003853977710028, 6.674340542732409, 7.34482710775479, 8.015313672777172, 8.090169943749475], "Y": [-5.87785252292473, -5.290067270632257, -4.702282018339783, -4.11449676604731, -3.526711513754837, -2.938926261462364, -2.719647637274461, -2.1093484482410956, -1.8627248088537252, -1.6161011694663547, -1.005801980432989, -0.13165252904754854, 0.8633644940844187, 1.442885989840582, 2.0224074855967453, 1.8273210590772995, 2.5012035084187776, 2.827334216398675, 3.5692558875503457, 4.311177558702016, 5.053099229853687, 5.7950209010053575, 5.87785252292473]}, "4": {"X": [3.0901699437494723, 2.7811529493745253, 2.472135954999578, 2.1631189606246304, 1.8541019662496832, 1.545084971874736, 1.2360679774997887, 0.9270509831248415, 0.6180339887498942, 0.309016994374947, -2.220446049250313e-16, -0.30901699437494745, -0.6180339887498947, -0.9270509831248419, -1.2360679774997891, -1.5450849718747364, -1.8541019662496836, -2.163118960624631, -2.472135954999578, -2.7811529493745253, -3.0901699437494723], "Y": [-9.510565162951536, -8.559508646656383, -7.608452130361229, -6.6573956140660755, -5.706339097770922, -4.755282581475768, -3.8042260651806146, -2.853169548885461, -1.9021130325903073, -0.9510565162951536, 0.0, 0.9510565162951536, 1.9021130325903073, 2.853169548885461, 3.8042260651806146, 4.755282581475768, 5.706339097770922, 6.6573956140660755, 7.608452130361229, 8.559508646656383, 9.510565162951536]}}, "total_time": 33.00788998603821, "min_cost": 0.8088702893281513}