{"0": {"longitude": 40.354863505853544, "deviation": 0.35486350585354387, "turns": [0.004725834094906444, 0.004764782170685258, 0.004804377109883022, 0.0048446351547201385, 0.004885573095583074, 0.004927208294333755, 0.5285683343071224], "turns_sum": 0.5575207442272341, "max_turn": 0.5285683343071224, "m1": 26.903242337235696, "m2": 0, "m3": 7, "m4": 0}, "1": {"longitude": 10.0, "deviation": 0.0, "turns": [], "turns_sum": 0, "max_turn": 0, "m1": 6.666666666666667, "m2": 0, "m3": 0, "m4": 0}, "2": {"longitude": 16.559814099918295, "deviation": 1.035639403658271, "turns": [0.012335375257258998, 0.5362024620615028, 1.0471975511965994, 0.03735642783906907, 0.03815228442419435, 0.03898216751904308, 0.5634470536576751, 0.02395004353426416, 0.024978864560495688, 0.5496984472614678], "turns_sum": 2.8723006773115705, "max_turn": 1.0471975511965994, "m1": 11.039876066612196, "m2": 0, "m3": 10, "m4": 0}, "3": {"longitude": 16.49262387165595, "deviation": 0.9684491753959268, "turns": [0.5235987755982991, 0.012975575470057026, 0.01327273728104148, 0.013583800818127325, 0.013909763551736171, 0.014251720608629252, 0.014610877011523048, 0.0149885618053246, 0.015386244417971694, 0.015805553679098142, 0.016248300013892148, 0.016716501447753794, 0.01721241420700967, 0.01773856889125096, 0.01829781343680272, 0.5047054111928905, 1.0805376147608403], "turns_sum": 2.323840234192248, "max_turn": 1.0805376147608403, "m1": 10.995082581103967, "m2": 0, "m3": 17, "m4": 0}, "4": {"longitude": 22.142449483194106, "deviation": 0.6017902546560912, "turns": [0.00883748138375975, 0.5325732752664578, 0.5235987755983014, 0.011148273803264473, 0.5349658244083482, 1.0471975511965983, 0.5455267621659141, 0.01294218081211094, 0.013237800599614621, 0.013547212940329704, 0.5374701803602742], "turns_sum": 3.7810453185349733, "max_turn": 1.0471975511965983, "m1": 14.761632988796071, "m2": 0, "m3": 11, "m4": 0}, "5": {"longitude": 21.54065922853802, "deviation": 3.552713678800501e-15, "turns": [], "turns_sum": 0, "max_turn": 0, "m1": 14.360439485692012, "m2": 0, "m3": 0, "m4": 0}, "waypoints": {"0": {"X": [0.0, 0.3247595264191645, 0.6504015169298897, 0.9769258814580168, 1.3043324466247623, 1.6326209522805768, 1.961791047889067, 2.2918422887535597, 2.666626553200304, 3.0414108176470487, 3.416195082093793, 3.7909793465405377, 4.165763610987282, 4.540547875434027, 4.915332139880771, 5.290116404327516, 5.66490066877426, 6.039684933221005, 6.414469197667749, 6.789253462114494, 7.164037726561238, 7.538821991007983, 7.913606255454727, 8.288390519901473, 8.663174784348218, 9.037959048794963, 9.412743313241709, 9.787527577688454, 10.1623118421352, 10.537096106581945, 10.91188037102869, 11.286664635475436, 11.661448899922181, 12.036233164368927, 12.411017428815672, 12.785801693262417, 13.160585957709163, 13.535370222155908, 13.910154486602654, 14.284938751049399, 14.659723015496144, 15.03450727994289, 15.409291544389635, 15.78407580883638, 16.158860073283126, 16.53364433772987, 16.908428602176617, 17.283212866623362, 17.657997131070108, 18.032781395516853, 18.4075656599636, 18.782349924410344, 19.15713418885709, 19.531918453303835, 19.90670271775058, 20.281486982197325, 20.65627124664407, 21.031055511090816, 21.40583977553756, 21.780624039984307, 22.155408304431052, 22.530192568877798, 22.904976833324543, 23.27976109777129, 23.654545362218034, 24.02932962666478, 24.404113891111525, 24.77889815555827, 25.153682420005016, 25.52846668445176, 25.903250948898506, 26.27803521334525, 26.652819477791997, 27.027603742238743, 27.402388006685488, 27.777172271132233, 28.15195653557898, 28.526740800025724, 28.90152506447247, 29.276309328919215, 29.65109359336596, 30.025877857812706, 30.40066212225945, 30.775446386706196, 31.150230651152942, 31.525014915599687, 31.899799180046433, 32.274583444493175, 32.64936770893992, 33.024151973386665, 33.39893623783341, 33.773720502280156, 34.1485047667269, 34.52328903117365, 34.89807329562039, 35.27285756006714, 35.64764182451388, 36.02242608896063, 36.397210353407374, 36.77199461785412, 37.146778882300865, 37.52156314674761, 37.896347411194355, 38.2711316756411, 38.645915940087846, 39.02070020453459, 39.39548446898134, 39.77026873342808, 40.0], "Y": [0.0, 0.18749999999999994, 0.3734631523076891, 0.5578725863654475, 0.7407111520065988, 0.9219614128457827, 1.1016056394635547, 1.2796258023772218, 1.2669075036264985, 1.2541892048757752, 1.241470906125052, 1.2287526073743287, 1.2160343086236054, 1.2033160098728821, 1.1905977111221588, 1.1778794123714356, 1.1651611136207123, 1.152442814869989, 1.1397245161192657, 1.1270062173685425, 1.1142879186178192, 1.101569619867096, 1.0888513211163726, 1.0761330223656493, 1.063414723614926, 1.0506964248642028, 1.0379781261134795, 1.0252598273627562, 1.012541528612033, 0.9998232298613097, 0.9871049311105864, 0.9743866323598631, 0.9616683336091398, 0.9489500348584166, 0.9362317361076933, 0.92351343735697, 0.9107951386062467, 0.8980768398555234, 0.8853585411048002, 0.8726402423540769, 0.8599219436033536, 0.8472036448526303, 0.834485346101907, 0.8217670473511838, 0.8090487486004605, 0.7963304498497372, 0.7836121510990139, 0.7708938523482907, 0.7581755535975674, 0.7454572548468441, 0.7327389560961208, 0.7200206573453976, 0.7073023585946743, 0.694584059843951, 0.6818657610932277, 0.6691474623425044, 0.6564291635917812, 0.6437108648410579, 0.6309925660903346, 0.6182742673396113, 0.605555968588888, 0.5928376698381648, 0.5801193710874415, 0.5674010723367182, 0.5546827735859949, 0.5419644748352717, 0.5292461760845484, 0.516527877333825, 0.5038095785831016, 0.49109127983237827, 0.47837298108165494, 0.4656546823309316, 0.45293638358020827, 0.44021808482948493, 0.4274997860787616, 0.41478148732803827, 0.40206318857731493, 0.3893448898265916, 0.37662659107586827, 0.36390829232514493, 0.3511899935744216, 0.33847169482369827, 0.32575339607297493, 0.3130350973222516, 0.30031679857152827, 0.28759849982080493, 0.2748802010700816, 0.26216190231935826, 0.2494436035686349, 0.23672530481791154, 0.22400700606718818, 0.21128870731646482, 0.19857040856574146, 0.1858521098150181, 0.17313381106429473, 0.16041551231357137, 0.147697213562848, 0.13497891481212465, 0.12226061606140128, 0.1095423173106779, 0.09682401855995451, 0.08410571980923112, 0.07138742105850773, 0.058669122307784344, 0.04595082355706094, 0.03323252480633753, 0.020514226055614114, 0.007795927304890675, 0.0]}, "1": {"X": [10.0, 9.625, 9.25, 8.875, 8.5, 8.125, 7.75, 7.375, 7.0, 6.625, 6.25, 5.875, 5.5, 5.125, 4.75, 4.375, 4.0, 3.625, 3.25, 2.875, 2.5, 2.125, 1.75, 1.375, 1.0, 0.625, 0.25, 0.0], "Y": [0.0, 0.0, 0.0, 0.0, 0.0, 0.0, 0.0, 0.0, 0.0, 0.0, 0.0, 0.0, 0.0, 0.0, 0.0, 0.0, 0.0, 0.0, 0.0, 0.0, 0.0, 0.0, 0.0, 0.0, 0.0, 0.0, 0.0, 0.0]}, "2": {"X": [15.0, 14.734517745585512, 14.465788779151996, 14.101153900785603, 13.736519022419209, 13.371884144052816, 13.007249265686422, 12.642614387320029, 12.277979508953635, 11.913344630587241, 11.548709752220848, 11.184074873854454, 10.819439995488061, 10.454805117121667, 10.090170238755274, 9.72553536038888, 9.360900482022487, 8.996265603656093, 8.6316307252897, 8.525140748869308, 8.405296236506219, 8.271985418792084, 8.125115923481452, 7.816661203642942, 7.503187798902163, 7.184671717188775, 6.809679148629981, 6.434686580071188, 6.059694011512394, 5.6847014429536005, 5.309708874394807, 4.934716305836013, 4.55972373727722, 4.184731168718426, 3.809738600159633, 3.43474603160084, 3.0597534630420467, 2.6847608944832535, 2.3097683259244604, 1.9347757573656672, 1.559783188806874, 1.184790620248081, 0.8097980516892876, 0.43480548313049444, 0.05981291457170118, 0.0],