{"0": {"longitude": 22.627416997969515, "deviation": -7.105427357601002e-15, "turns": [], "turns_sum": 0, "max_turn": 0, "m1": 15.08494466531301, "m2": 0, "m3": 0, "m4": 0}, "1": {"longitude": 18.591730145086057, "deviation": 0.7031863250877386, "turns": [0.007313760454745823, 0.007463533273428965, 0.007619564028545388, 0.007782253102710031, 0.34111381463416895, 0.015214607690719324, 0.015493725661436102, 0.01578324044652747, 0.36514959297017885, 0.008763437210195875, 0.008979284079795563, 0.339859827616177, 0.36672968093495645, 0.009647048397770842, 0.009909223373796594, 0.35925188283407156], "turns_sum": 1.8860744767092248, "max_turn": 0.36672968093495645, "m1": 12.394486763390704, "m2": 0, "m3": 16, "m4": 0}, "2": {"longitude": 16.492422502470642, "deviation": 0.0, "turns": [], "turns_sum": 0, "max_turn": 0, "m1": 10.994948334980428, "m2": 0, "m3": 0, "m4": 0}, "3": {"longitude": 20.13846159503816, "deviation": 0.1384615950381587, "turns": [0.006527801477135251, 0.0066468696576177135, 0.006770359389110365, 0.006898521510650883, 0.3560974765931252, 0.3490658503988662, 0.35838468412457974], "turns_sum": 1.0903915631510852, "max_turn": 0.35838468412457974, "m1": 13.425641063358773, "m2": 0, "m3": 7, "m4": 0}, "4": {"longitude": 17.888543819998322, "deviation": 3.552713678800501e-15, "turns": [], "turns_sum": 0, "max_turn": 0, "m1": 11.925695879998882, "m2": 0, "m3": 0, "m4": 0}, "waypoints": {"0": {"X": [-8.0, -7.734834957055044, -7.469669914110089, -7.204504871165133, -6.939339828220177, -6.674174785275222, -6.409009742330266, -6.14384469938531, -5.8786796564403545, -5.613514613495399, -5.348349570550443, -5.0831845276054874, -4.818019484660532, -4.552854441715576, -4.28768939877062, -4.022524355825665, -3.7573593128807095, -3.492194269935754, -3.227029226990799, -2.9618641840458437, -2.6966991411008885, -2.4315340981559332, -2.166369055210978, -1.9012040122660228, -1.6360389693210675, -1.3708739263761123, -1.105708883431157, -0.8405438404862018, -0.5753787975412465, -0.3102137545962912, -0.04504871165133584, 0.22011633129361952, 0.4852813742385748, 0.7504464171835301, 1.0156114601284854, 1.2807765030734406, 1.5459415460183958, 1.811106588963351, 2.0762716319083063, 2.3414366748532616, 2.606601717798217, 2.871766760743172, 3.1369318036881273, 3.4020968466330825, 3.667261889578038, 3.932426932522993, 4.197591975467948, 4.462757018412904, 4.72792206135786, 4.993087104302815, 5.258252147247771, 5.523417190192727, 5.788582233137682, 6.053747276082638, 6.318912319027594, 6.5840773619725494, 6.849242404917505, 7.114407447862461, 7.3795724908074165, 7.644737533752372, 7.909902576697328, 8.0], "Y": [-8.0, -7.734834957055044, -7.469669914110089, -7.204504871165133, -6.939339828220177, -6.674174785275222, -6.409009742330266, -6.14384469938531, -5.8786796564403545, -5.613514613495399, -5.348349570550443, -5.0831845276054874, -4.818019484660532, -4.552854441715576, -4.28768939877062, -4.022524355825665, -3.7573593128807095, -3.492194269935754, -3.227029226990799, -2.9618641840458437, -2.6966991411008885, -2.4315340981559332, -2.166369055210978, -1.9012040122660228, -1.6360389693210675, -1.3708739263761123, -1.105708883431157, -0.8405438404862018, -0.5753787975412465, -0.3102137545962912, -0.04504871165133584, 0.22011633129361952, 0.4852813742385748, 0.7504464171835301, 1.0156114601284854, 1.2807765030734406, 1.5459415460183958, 1.811106588963351, 2.0762716319083063, 2.3414366748532616, 2.606601717798217, 2.871766760743172, 3.1369318036881273, 3.4020968466330825, 3.667261889578038, 3.932426932522993, 4.197591975467948, 4.462757018412904, 4.72792206135786, 4.993087104302815, 5.258252147247771, 5.523417190192727, 5.788582233137682, 6.053747276082638, 6.318912319027594, 6.5840773619725494, 6.849242404917505, 7.114407447862461, 7.3795724908074165, 7.644737533752372, 7.909902576697328, 8.0]}, "1": {"X": [-4.0, -3.727691713125021, -3.4572763551594967, -3.1888076013071633, -2.9223415730338482, -2.657937000006745, -2.3198055414244516, -1.9841801478765786, -1.6511866318564241, -1.3209563581160526, -1.0759484255829592, -0.8334377612089359, -0.5935051899425612, -0.27122461803545683, -0.039121528253402926, 0.1901293743914505, 0.41642836656863036, 0.5231523311908549, 0.6298762958130795, 0.736600260435304, 0.8433242250575286, 0.9500481896797531, 1.0567721543019777, 1.1634961189242023, 1.270220083546427, 1.3769440481686517, 1.4836680127908763, 1.590391977413101, 1.6971159420353257, 1.8038399066575503, 1.910563871279775, 2.0172878359019997, 2.124011800524224, 2.2307357651464486, 2.337459729768673, 2.4441836943908974, 2.550907659013122, 2.6576316236353463, 2.7643555882575708, 2.8710795528797957, 2.9778035175020205, 3.084527482124245, 3.19125144674647, 3.2979754113686948, 3.404699375990919, 3.511423340613144, 3.618147305235369, 3.7248712698575934, 3.8315952344798183, 3.9383191991020428, 4.0], "Y": [-8.0, -7.742176035056448, -7.482367385900233, -7.220547737659358, -6.956690094646606, -6.690766756516319, -6.52861831613834, -6.361344303793818, -6.188890488850411, -6.01120265498056, -5.727308109425597, -5.441277380893032, -5.1530806403745, -4.961351057442628, -4.666812170852718, -4.37004791485729, -4.071026567559822, -3.7115338758742826, -3.352041184188743, -2.9925484925032038, -2.6330558008176643, -2.273563109132125, -1.9140704174465857, -1.5545777257610465, -1.1950850340755073, -0.835592342389968, -0.47609965070442883, -0.11660695901888962, 0.2428857326666496, 0.6023784243521888, 0.961871116037728, 1.3213638077232672, 1.6808564994088064, 2.0403491910943456, 2.399841882779885, 2.7593345744654245, 3.118827266150964, 3.4783199578365034, 3.837812649522043, 4.197305341207582, 4.556798032893122, 4.916290724578661, 5.2757834162642006, 5.63527610794974, 5.994768799635279, 6.354261491320819, 6.713754183006358, 7.073246874691898, 7.432739566377437, 7.792232258062977, 8.0]}, "2": {"X": [0.0, -0.09095085938862486, -0.18190171877724973, -0.2728525781658746, -0.3638034375544995, -0.45475429694312436, -0.5457051563317492, -0.636656015720374, -0.7276068751089989, -0.8185577344976238, -0.9095085938862486, -1.0004594532748734, -1.0914103126634982, -1.182361172052123, -1.2733120314407478, -1.3642628908293726, -1.4552137502179974, -1.5461646096066222, -1.637115468995247, -1.7280663283838718, -1.8190171877724965, -1.9099680471611213, -2.0009189065497464, -2.0918697659383714, -2.1828206253269964, -2.2737714847156214, -2.3647223441042464, -2.4556732034928714, -2.5466240628814965, -2.6375749222701215, -2.7285257816587465, -2.8194766410473715, -2.910427500435996, -3.0013783598246206, -3.0923292192132457, -3.1832800786018707, -3.2742309379904952, -3.36518179737912, -3.456132656767745, -3.5470835161563694, -3.638034375544994, -3.728985234933619, -3.8199360943222436, -3.910886953710868, -4.0], "Y": [-8.0, -7.636196562445501, -7.272393124891002, -6.9085896873365025, -6.544786249782003, -6.180982812227504, -5.817179374673005, -5.453375937118506, -5.089572499564007, -4.725769062009507, -4.361965624455008, -3.9981621869005086, -3.634358749346009, -3.2705553117915094, -2.9067518742370098, -2.54294843668251, -2.1791449991280105, -1.8153415615735111, -1.4515381240190117, -1.0877346864645123, -0.7239312489100129, -0.36012781135551347, 0.0036756261989859818, 0.36747906375348544, 0.7312825013079849, 1.0950859388624843, 1.4588893764169837, 1.822692813971483, 2.1864962515259827, 2.5502996890804823, 2.914103126634982, 3.2779065641894816, 3.641710001743981, 4.005513439298481, 4.36931687685298, 4.733120314407479, 5.096923751961978, 5.4607271895164775, 5.824530627070977, 6.188334064625476, 6.552137502179975, 6.915940939734474, 7.279744377288973, 7.643547814843473, 8.0]},