{"0": {"longitude": 20.74901144333407, "deviation": 0.7490114433340693, "turns": [0.49099216604013807, 0.3490658503988661, 0.4666136649224002], "max_turn": 0.49099216604013807, "m1: tiempo de vuelo": 13.832674295556046, "m2": 0, "m3: cant de giros": 3, "m4: suma de angulos": 1.3066716813614043, "angles_rate": 0.4355572271204681}, "1": {"longitude": 20.545679077459003, "deviation": 0.5456790774590026, "turns": [0.3490658503988656, 0.3490658503988657, 0.5277545396247196], "max_turn": 0.5277545396247196, "m1: tiempo de vuelo": 13.697119384972668, "m2": 0, "m3: cant de giros": 3, "m4: suma de angulos": 1.2258862404224509, "angles_rate": 0.4086287468074836}, "2": {"longitude": 20.749011443334066, "deviation": 0.7490114433340658, "turns": [0.4909921660401384, 0.34906585039886556, 0.46661366492239903], "max_turn": 0.4909921660401384, "m1: tiempo de vuelo": 13.832674295556044, "m2": 0, "m3: cant de giros": 3, "m4: suma de angulos": 1.306671681361403, "angles_rate": 0.4355572271204677}, "3": {"longitude": 20.545679077459006, "deviation": 0.5456790774590061, "turns": [0.3490658503988657, 0.5277545396247204], "max_turn": 0.5277545396247204, "m1: tiempo de vuelo": 13.697119384972671, "m2": 0, "m3: cant de giros": 2, "m4: suma de angulos": 0.876820390023586, "angles_rate": 0.438410195011793}, "4": {"longitude": 20.545679077459006, "deviation": 0.5456790774590061, "turns": [0.34906585039886584, 0.34906585039886584, 0.5277545396247201], "max_turn": 0.5277545396247201, "m1: tiempo de vuelo": 13.697119384972671, "m2": 0, "m3: cant de giros": 3, "m4: suma de angulos": 1.2258862404224518, "angles_rate": 0.4086287468074839}, "waypoints": {"0": {"X": [10.0, 7.180922137642275, 4.361844275284549, 1.3920082099791111, -1.543861404898939, -4.443436511139261, -7.343011617379583, -10.0], "Y": [0.0, -1.026060429977006, -2.0521208599540106, -1.627769890577114, -2.244754172739804, -1.4750372096479007, -0.7053202465559973, -0.0]}, "1": {"X": [3.0901699437494745, 3.1948684338569757, 2.267817450732133, 2.372515940839634, 0.9531054805435177, -0.46630497975259844, -1.8857154400487148, -3.0901699437494745], "Y": [9.510565162951535, 6.512392681894248, 3.6592231330087874, 0.6610506519515003, -1.9819162311558096, -4.624883114263119, -7.267849997370428, -9.510565162951535]}, "2": {"X": [-8.090169943749473, -5.206384855934516, -2.32259976811956, -0.16937916237558914, 2.5684435112812714, 4.4618207693514655, 6.355198027421659, 8.090169943749473], "Y": [5.877852522924733, 5.050940455473733, 4.224028388022734, 2.135095401304498, 0.9085853085574387, -1.418456280805028, -3.7454978701674944, -5.877852522924733]}, "3": {"X": [-8.090169943749475, -5.663118960624632, -3.9855402502123916, -2.307961539800151, 0.39386260076085566, 3.0956867413218623, 5.797510881882869, 8.090169943749475], "Y": [-5.87785252292473, -4.114496766047311, -1.627384048382186, 0.8597286692829389, 2.1636252577752084, 3.467521846267478, 4.771418434759747, 5.87785252292473]}, "4": {"X": [3.0901699437494723, 1.2431855177724986, 0.31613453464765784, -1.5308498913293158, -1.936019663144072, -2.341189434958828, -2.746359206773584, -3.0901699437494723], "Y": [-9.510565162951536, -7.146532902131369, -4.293363353245908, -1.9293310924257416, 1.043182567089985, 4.015696226605712, 6.988209886121439, 9.510565162951536]}}, "total_time": 9.14356541633606, "min_cost": 0}