{"0": {"longitude": 23.45845612975556, "deviation": 0.8310391317860386, "turns": [0.6981317007977321, 0.1337712757557664], "max_turn": 0.6981317007977321, "m1: tiempo de vuelo": 15.638970753170375, "m2": 0, "m3: cant de giros": 2, "m4: suma de angulos": 0.8319029765534985, "angles_rate": 0.41595148827674927}, "1": {"longitude": 25.69412464670649, "deviation": 7.805580826708173, "turns": [0.349065850398866, 1.0471975511965979, 0.3888785999253057], "max_turn": 1.0471975511965979, "m1: tiempo de vuelo": 17.12941643113766, "m2": 0, "m3: cant de giros": 3, "m4: suma de angulos": 1.7851420015207695, "angles_rate": 0.5950473338402565}, "2": {"longitude": 16.492422502470642, "deviation": 0.0, "turns": [], "max_turn": 0, "m1: tiempo de vuelo": 10.994948334980428, "m2": 0, "m3: cant de giros": 0, "m4: suma de angulos": 0, "angles_rate": 0}, "3": {"longitude": 20.211533502442222, "deviation": 0.21153350244222224, "turns": [0.4087159192728985], "max_turn": 0.4087159192728985, "m1: tiempo de vuelo": 13.474355668294814, "m2": 0, "m3: cant de giros": 1, "m4: suma de angulos": 0.4087159192728985, "angles_rate": 0.4087159192728985}, "4": {"longitude": 17.88854381999832, "deviation": 0.0, "turns": [], "max_turn": 0, "m1: tiempo de vuelo": 11.925695879998878, "m2": 0, "m3: cant de giros": 0, "m4: suma de angulos": 0, "angles_rate": 0}, "waypoints": {"0": {"X": [-8.0, -5.011415905724763, -2.890095562165121, -0.7687752186054793, 1.0506670108921716, 2.8701092403898225, 4.689551469887474, 6.508993699385124, 8.0], "Y": [-8.0, -7.738532771757026, -5.617212428197383, -3.49589208463774, -1.1105975591083208, 1.2746969664210988, 3.6599914919505183, 6.045286017479937, 8.0]}, "1": {"X": [-4.0, -4.697023679264442, -5.3940473585288835, -6.091071037793325, -6.788094717057767, -6.445101118418933, -3.692564500834484, -0.6931728140385109, 2.306218872757462, 4.0], "Y": [-8.0, -5.08209698746777, -2.16419397493554, 0.75370903759669, 3.67161205012892, 6.651940117857837, 7.845062981965622, 7.905474149635241, 7.96588531730486, 8.0]}, "2": {"X": [0.0, -0.7276068751089989, -1.4552137502179978, -2.182820625326997, -2.9104275004359956, -4.0], "Y": [-8.0, -5.089572499564005, -2.179144999128009, 0.731282501307986, 3.641710001743982, 8.0]}, "3": {"X": [4.0, 1.48770493860376, -0.1660184098574633, -1.819741758318687, -3.4734651067799107, -5.127188455241134, -6.780911803702358, -8.0], "Y": [-8.0, -6.360373968100023, -3.8573359966033465, -1.3542980251066696, 1.1487399463900072, 3.6517779178866836, 6.154815889383361, 8.0]}, "4": {"X": [8.0, 6.658359213500126, 5.316718427000252, 3.975077640500378, 2.6334368540005038, 1.2917960675006304, 0.0], "Y": [-8.0, -5.316718427000252, -2.633436854000504, 0.049844718999243476, 2.733126291998991, 5.416407864998739, 8.0]}}, "total_time": 10840.147374153137, "min_cost": 0}