{"0": {"longitude": 40.75115009706916, "deviation": 0.7511500970691571, "turns": [0.7492348436118188], "max_turn": 0.7492348436118188, "m1: tiempo de vuelo": 27.167433398046104, "m2": 0, "m3: cant de giros": 1, "m4: suma de angulos": 0.7492348436118188, "angles_rate": 0.7492348436118188}, "1": {"longitude": 10.304986634937656, "deviation": 0.30498663493765577, "turns": [0.3490658503988659, 0.5897244557721583], "max_turn": 0.5897244557721583, "m1: tiempo de vuelo": 6.869991089958437, "m2": 0, "m3: cant de giros": 2, "m4: suma de angulos": 0.9387903061710241, "angles_rate": 0.46939515308551205}, "2": {"longitude": 15.746461688044992, "deviation": 0.22228699178496747, "turns": [0.4296507078007173], "max_turn": 0.4296507078007173, "m1: tiempo de vuelo": 10.497641125363328, "m2": 0, "m3: cant de giros": 1, "m4: suma de angulos": 0.4296507078007173, "angles_rate": 0.4296507078007173}, "3": {"longitude": 22.119002917314624, "deviation": 6.5948282210546, "turns": [0.3490658503988665, 1.0471975511965974, 0.9573502174946211], "max_turn": 1.0471975511965974, "m1: tiempo de vuelo": 14.746001944876417, "m2": 0, "m3: cant de giros": 3, "m4: suma de angulos": 2.353613619090085, "angles_rate": 0.7845378730300284}, "4": {"longitude": 23.22533645552076, "deviation": 1.6846772269827461, "turns": [0.6981317007977315, 0.8163016516601174, 0.6981317007977319, 0.8707746845782689], "max_turn": 0.8707746845782689, "m1: tiempo de vuelo": 15.48355763701384, "m2": 0, "m3: cant de giros": 4, "m4: suma de angulos": 3.0833397378338496, "angles_rate": 0.7708349344584624}, "5": {"longitude": 22.589062718620465, "deviation": 1.0484034900824497, "turns": [0.4038173653203801, 0.6981317007977325, 0.8405178382098268], "max_turn": 0.8405178382098268, "m1: tiempo de vuelo": 15.059375145746976, "m2": 0, "m3: cant de giros": 3, "m4: suma de angulos": 1.9424669043279394, "angles_rate": 0.6474889681093131}, "waypoints": {"0": {"X": [0.0, 2.298133329356934, 5.294216884986415, 8.290300440615896, 11.286383996245377, 14.282467551874857, 17.278551107504338, 20.274634663133817, 23.2707182187633, 26.266801774392782, 29.262885330022264, 32.25896888565175, 35.25505244128123, 38.25113599691071, 40.0], "Y": [0.0, 1.9283628290596182, 1.77512012063077, 1.621877412201922, 1.4686347037730738, 1.3153919953442257, 1.1621492869153773, 1.0089065784865292, 0.855663870057681, 0.7024211616288327, 0.5491784531999845, 0.3959357447711362, 0.24269303634228787, 0.08945032791343949, 0.0]}, "1": {"X": [10.0, 7.0, 4.180922137642275, 0.0], "Y": [0.0, 0.0, -1.026060429977006, 0.0]}, "2": {"X": [15.0, 12.540485921956522, 9.588964261545065, 6.637442601133609, 3.6859209407221525, 0.0], "Y": [2.0, 0.28221348826289194, -0.25492698509766387, -0.7920674584582197, -1.3292079318187755, -2.0]}, "3": {"X": [15.0, 12.28259620353567, 9.294327225446292, 6.306058247356915, 3.3177892692675375, 0.3295202911781603, -1.3941493497311215, 0.0], "Y": [-2.0, -3.27110841668256, -3.536152780117573, -3.801197143552585, -4.066241506987596, -4.3312858704226045, -1.8758912037737443, 2.0]}, "4": {"X": [20.0, 17.214569927344222, 15.796982673830335, 12.89962260015459, 11.180213287610611, 8.192272570133396, 5.204331852656181, 2.2163911351789665, 0.0], "Y": [4.0, 2.885827970937689, 0.2418827410444977, -0.536130500147246, -2.9945103763944143, -3.2632300609017966, -3.531949745409179, -3.8006694299165615, -4.0]}, "5": {"X": [20.0, 17.001482637940867, 14.281198636667341, 11.384257072032614, 8.871002705394076, 6.357748338755538, 3.8444939721170006, 1.331239605478463, 0.0], "Y": [-4.0, -3.9056939586774404, -2.6407611729471903, -3.4203312923666696, -1.7821760834281752, -0.14402087448968137, 1.494134334448813, 3.132289543387307, 4.0]}}, "total_time": 36535.19248175621, "min_cost": 0}