{"0": {"longitude": 100.58654203245194, "deviation": 0.5865420324519448, "turns": [0.3490658503988659, 0.38249633713766884, 0.3490658503988662, 0.36752569102115695], "max_turn": 0.38249633713766884, "m1: tiempo de vuelo": 67.0576946883013, "m2": 0, "m3: cant de giros": 4, "m4: suma de angulos": 1.4481537289565578, "angles_rate": 0.36203843223913945}, "1": {"longitude": 100.39791149721385, "deviation": 0.39791149721384045, "turns": [0.3490658503988661, 0.3842133990504781], "max_turn": 0.3842133990504781, "m1: tiempo de vuelo": 66.93194099814257, "m2": 0, "m3: cant de giros": 2, "m4: suma de angulos": 0.7332792494493442, "angles_rate": 0.3666396247246721}, "2": {"longitude": 100.6279974550103, "deviation": 0.627997455010302, "turns": [0.34906585039886473, 0.34906585039886556, 0.34906585039886556, 0.40442923726523705], "max_turn": 0.40442923726523705, "m1: tiempo de vuelo": 67.08533163667353, "m2": 0, "m3: cant de giros": 4, "m4: suma de angulos": 1.4516267884618328, "angles_rate": 0.3629066971154582}, "3": {"longitude": 100.3804981656959, "deviation": 0.38049816569589723, "turns": [0.34906585039886534, 0.36583519960897026, 0.34906585039886595, 0.3686556995994091], "max_turn": 0.3686556995994091, "m1: tiempo de vuelo": 66.92033211046393, "m2": 0, "m3: cant de giros": 4, "m4: suma de angulos": 1.4326226000061106, "angles_rate": 0.35815565000152766}, "4": {"longitude": 100.59140265215025, "deviation": 0.5914026521502365, "turns": [0.3490658503988659, 0.3861163098580719, 0.349065850398866, 0.3697576154341733], "max_turn": 0.3861163098580719, "m1: tiempo de vuelo": 67.0609351014335, "m2": 0, "m3: cant de giros": 4, "m4: suma de angulos": 1.454005626089977, "angles_rate": 0.36350140652249424}, "5": {"longitude": 100.58884431519525, "deviation": 0.5888443151952316, "turns": [0.34906585039886584, 0.3842133990504779, 0.3490658503988659, 0.36857807878860194], "max_turn": 0.3842133990504779, "m1: tiempo de vuelo": 67.0592295434635, "m2": 0, "m3: cant de giros": 4, "m4: suma de angulos": 1.4509231786368115, "angles_rate": 0.3627307946592029}, "waypoints": {"0": {"X": [50.0, 47.0, 44.0, 41.0, 38.0, 35.0, 32.0, 29.0, 26.0, 23.0, 20.0, 17.0, 14.180922137642275, 11.36184427528455, 8.36352051532775, 5.511722492663338, 2.5157604955892037, -0.480201501484931, -3.4761634985590657, -6.4721254956332, -9.468087492707335, -12.46404948978147, -15.460011486855604, -18.45597348392974, -21.451935481003872, -24.447897478078005, -27.443859475152138, -30.43982147222627, -33.435783469300404, -36.43174546637454, -39.42770746344867, -42.4236694605228, -45.419631457596935, -48.41559345467107, -50.0], "Y": [0.0, 0.0, 0.0, 0.0, 0.0, 0.0, 0.0, 0.0, 0.0, 0.0, 0.0, 0.0, -1.026060429977006, -2.0521208599540106, -1.951848079607, -2.883109609966411, -2.727508478583752, -2.571907347201093, -2.4163062158184343, -2.2607050844357754, -2.105103953053117, -1.9495028216704584, -1.7939016902877998, -1.6383005589051411, -1.4826994275224825, -1.3270982961398239, -1.1714971647571653, -1.0158960333745066, -0.860294901991848, -0.7046937706091894, -0.5490926392265307, -0.39349150784387216, -0.2378903764612136, -0.08228924507855512, -0.0]}, "1": {"X": [25.000000000000007, 23.500000000000007, 22.000000000000007, 20.500000000000007, 19.000000000000007, 17.500000000000007, 16.000000000000007, 14.500000000000007, 13.000000000000007, 11.500000000000007, 10.000000000000007, 8.500000000000007, 7.000000000000006, 6.479055466999215, 5.958110933998424, 4.367740141261661, 2.777369348524899, 1.1869985557881364, -0.4033722369486257, -1.9937430296853882, -3.5841138224221507, -5.174484615158913, -6.764855407895675, -8.355226200632437, -9.9455969933692, -11.535967786105964, -13.126338578842727, -14.71670937157949, -16.307080164316254, -17.897450957053017, -19.48782174978978, -21.07819254252654, -22.6685633352633, -25.000000000000007], "Y": [43.30127018922193, 40.703193977868615, 38.1051177665153, 35.50704155516198, 32.90896534380867, 30.31088913245535, 27.712812921102035, 25.11473670974872, 22.516660498395403, 19.918584287042087, 17.32050807568877, 14.722431864335455, 12.124355652982139, 9.169932393945516, 6.215509134908891, 3.6717479940763162, 1.1279868532437414, -1.4157742875888335, -3.9595354284214084, -6.503296569253983, -9.047057710086559, -11.590818850919135, -14.13457999175171, -16.678341132584286, -19.222102273416862, -21.765863414249438, -24.309624555082014, -26.85338569591459, -29.397146836747165, -31.94090797757974, -34.48466911841231, -37.028430259244885, -39.57219140007746, -43.30127018922193]}, "2": {"X": [-24.99999999999999, -23.49999999999999, -21.99999999999999, -20.49999999999999, -18.99999999999999, -17.49999999999999, -15.99999999999999, -14.49999999999999, -12.99999999999999, -11.49999999999999, -9.99999999999999, -8.49999999999999, -6.201866670643057, -4.701866670643059, -2.4037333412861273, -0.10560001192919533, 1.2483369169832783, 2.602273845895752, 3.9562107748082256, 5.310147703720699, 6.664084632633173, 8.018021561545646, 9.37195849045812, 10.725895419370593, 12.079832348283066, 13.43376927719554, 14.787706206108012, 16.141643135020487, 17.495580063932962, 18.849516992845437, 20.203453921757912, 21.557390850670387, 22.911327779582862, 24.265264708495334, 24.99999999999999], "Y": [43.30127018922194, 40.70319397786862, 38.105117766515306, 35.50704155516199, 32.908965343808674, 30.310889132455358, 27.712812921102042, 25.114736709748726, 22.51666049839541, 19.918584287042094, 17.320508075688778, 14.722431864335462, 12.794069035275841, 10.195992823922523, 8.267629994862903, 6.339267165803282, 3.662168962052239, 0.9850707583011964, -1.6920274454498463, -4.369125649200889, -7.046223852951931, -9.723322056702973, -12.400420260454016, -15.07751846420506, -17.754616667956103, -20.431714871707147, -23.10881307545819, -25.785911279209234, -28.463009482960278, -31.14010768671132, -33.81720589046236, -36.494304094213405, -39.17140229796445, -41.84850050171549, -43.30127018922194]}, "3": {"X": [-50.0, -47.0, -44.0, -41.0, -38.0, -35.0, -32.0, -29.0, -26.0, -23.0, -20.0, -17.0, -14.0, -11.180922137642273, -8.181343944366803, -5.1817657510913335, -2.345878698164511, 0.652138533319893, 3.650155764804297, 6.648172996288701, 9.646190227773104, 12.644207459257508, 15.642224690741912, 18.640241922226316, 21.63825915371072, 24.636276385195124, 27.63429361667953, 30.632310848163932, 33.630328079648336, 36.62834531113274, 39.626362542617144, 42.62437977410155, 45.62239700558595, 50.0], "Y": [6.123233995736766e-15, 5.75583995599256e-15, 5.388445916248354e-15, 5.021051876504147e-15, 4.653657836759941e-15, 4.286263797015735e-15, 3.918869757271529e-15, 3.551475717527323e-15, 3.184081677783117e-15, 2.816687638038911e-15, 2.4492935982947053e-15, 2.0818995585504995e-15, 1.7145055188062937e-15, 1.0260604299770062, 0.9757547401768801, 0.9254490503767541, 1.9040933284686576, 1.7950397649203258, 1.6859862013719942, 1.5769326378236626, 1.4678790742753307, 1.358825510726999, 1.2497719471786675, 1.1407183836303356, 1.0316648200820038, 0.922611256533672, 0.8135576929853403, 0.7045041294370086, 0.5954505658886768, 0.48639700234034516, 0.3773434387920135, 0.2682898752436818, 0.15923631169535013, -6.123233995736766e-15]}, "4": {"X": [-25.00000000000002, -23.50000000000002, -22.00000000000002, -20.50000000000002, -19.00000000000002, -17.50000000000002, -16.00000000000002, -14.50000000000002, -13.000000000000018, -11.500000000000016, -10.000000000000014, -8.500000000000012, -7.000000000000011, -5.500000000000009, -4.979055466999216, -4.458110933998423, -2.8629024730369097, -2.232877761948455, -0.5854423413594181, 1.061993079229619, 2.709428499818656, 4.356863920407694, 6.004299340996731, 7.651734761585768, 9.299170182174805, 10.946605602763842, 12.59404102335288, 14.241476443941917, 15.888911864530954, 17.53634728511999, 19.183782705709028, 20.831218126298065, 22.478653546887102, 24.12608896747614, 25.00000000000002],