{"0": {"longitude": 20.80659054467538, "deviation": 0.8065905446753803, "turns": [0.8066393959385418], "max_turn": 0.8066393959385418, "m1: tiempo de vuelo": 13.87106036311692, "m2": 0, "m3: cant de giros": 1, "m4: suma de angulos": 0.8066393959385418, "angles_rate": 0.8066393959385418}, "1": {"longitude": 10.305108031933514, "deviation": 0.30498303271475535, "turns": [0.34906585039886606, 0.5897175354808484], "max_turn": 0.5897175354808484, "m1: tiempo de vuelo": 6.870072021289009, "m2": 0, "m3: cant de giros": 2, "m4: suma de angulos": 0.9387833858797144, "angles_rate": 0.4693916929398572}, "2": {"longitude": 25.061705529877592, "deviation": 8.887574950461584, "turns": [0.3490658503988658, 1.047197551196597, 0.6054835665965634], "max_turn": 1.047197551196597, "m1: tiempo de vuelo": 16.707803686585063, "m2": 0, "m3: cant de giros": 3, "m4: suma de angulos": 2.001746968192026, "angles_rate": 0.667248989397342}, "3": {"longitude": 16.127771079724564, "deviation": 3.552713678800501e-15, "turns": [], "max_turn": 0, "m1: tiempo de vuelo": 10.751847386483043, "m2": 0, "m3: cant de giros": 0, "m4: suma de angulos": 0, "angles_rate": 0}, "4": {"longitude": 24.32573384568048, "deviation": 0.9333205456380931, "turns": [0.3490658503988661, 0.6014736097854481], "max_turn": 0.6014736097854481, "m1: tiempo de vuelo": 16.21715589712032, "m2": 0, "m3: cant de giros": 2, "m4: suma de angulos": 0.9505394601843142, "angles_rate": 0.4752697300921571}, "5": {"longitude": 24.139575254948596, "deviation": 0.7900035244007313, "turns": [0.7894791969553971], "max_turn": 0.7894791969553971, "m1: tiempo de vuelo": 16.093050169965732, "m2": 0, "m3: cant de giros": 1, "m4: suma de angulos": 0.7894791969553971, "angles_rate": 0.7894791969553971}, "waypoints": {"0": {"X": [0.0, 2.2981333293569346, 5.2804897708492735, 8.262846212341612, 11.245202653833951, 14.22755909532629, 17.209915536818627, 20.0], "Y": [0.0, -1.9283628290596178, -1.603478148150911, -1.2785934672422044, -0.9537087863334978, -0.6288241054247912, -0.30393942451608463, 0.0]}, "1": {"X": [10.0, 7.000037499296889, 4.186125112774047, 0.0], "Y": [0.0, 0.014999812503515555, 1.0551426300883509, 0.05]}, "2": {"X": [15.0, 12.147383296454715, 9.29476659290943, 6.442149889364144, 3.589533185818858, 0.591298857326271, -0.818693767165499, -0.4708909182496125, 0.0], "Y": [2.0, 2.9287507430168906, 3.8575014860337813, 4.786252229050672, 5.715002972067563, 5.612090818030209, 2.9640876460383754, -0.015683012634200022, -4.05]}, "3": {"X": [15.0, 12.219082551563227, 9.438165103126455, 6.657247654689682, 3.8763302062529097, 0.05], "Y": [-2.0, -0.8746120024720754, 0.25077599505584924, 1.3761639925837739, 2.5015519901116985, 4.05]}, "4": {"X": [20.0, 17.428653502805073, 14.483829536251331, 11.53900556969759, 8.594181603143848, 6.490246443249126, 4.386311283354404, 2.2823761234596827, -0.05], "Y": [4.0, 2.4546271675212537, 1.8819040179885236, 1.3091808684557948, 0.7364577189230674, -1.402106482348143, -3.5406706836193536, -5.6792348848905645, -8.05]}, "5": {"X": [20.0, 19.026710435667717, 16.326555365445046, 13.626400295222375, 10.926245224999704, 8.226090154777033, 5.525935084554362, 2.825780014331692, 0.0], "Y": [-4.0, -1.1622707275073125, 0.14507872721044013, 1.4524281819281928, 2.7597776366459454, 4.067127091363698, 5.374476546081451, 6.681826000799203, 8.05]}}, "total_time": 12.127589702606201, "min_cost": 0}