{"0": {"longitude": 20.467361155770185, "deviation": 0.46736115577018467, "turns": [0.698131700797731, 0.6981317007977309, 0.6981317007977309, 0.6981317007977309, 0.6981317007977317, 0.6981317007977325, 0.6981317007977325, 0.6981317007977325, 0.6981317007977325, 0.6981317007977325, 0.6981317007977325, 0.34906585039886606, 0.3490658503988661, 0.34906585039886606, 0.3490658503988661, 0.34906585039886606, 0.08386917802155787], "turns_sum": 9.50864713879094, "max_turn": 0.6981317007977325, "m1": 13.644907437180123, "m2": 0, "m3": 17, "m4": 9.50864713879094}, "1": {"longitude": 20.32357792344785, "deviation": 0.32357792344784997, "turns": [0.349065850398866, 0.349065850398865, 0.349065850398865, 0.34906585039886584, 0.34906585039886595, 0.349065850398865, 0.349065850398865, 0.349065850398865, 0.349065850398865, 0.349065850398865, 0.3490658503988653, 0.3490658503988655, 0.4010355450353393, 0.34906585039886506, 0.39939118362145654], "turns_sum": 5.338282783842044, "max_turn": 0.4010355450353393, "m1": 13.549051948965234, "m2": 0, "m3": 15, "m4": 5.338282783842044}, "2": {"longitude": 20.518340245904415, "deviation": 0.5183402459044153, "turns": [0.6981317007977317, 0.6981317007977317, 0.6981317007977317, 0.6981317007977317, 0.6981317007977317, 0.6981317007977317, 0.6981317007977317, 0.6981317007977317, 0.6981317007977317, 0.6981317007977317, 0.6981317007977317, 0.39480925790569055, 0.34906585039886556, 0.36888000403015214, 0.34906585039886623, 0.3706780790110467, 0.3490658503988659, 0.3618684758227423], "turns_sum": 10.222882076741278, "max_turn": 0.6981317007977317, "m1": 13.67889349726961, "m2": 0, "m3": 18, "m4": 10.222882076741278}, "3": {"longitude": 20.348068236821568, "deviation": 0.3480682368215682, "turns": [0.3490658503988649, 0.6981317007977317, 0.3490658503988671, 0.3490658503988669, 0.6981317007977317, 0.34906585039886484, 0.3490658503988649, 0.6981317007977317, 0.6981317007977317, 0.3568823145041433, 0.34906585039886573, 0.6981317007977312, 0.37601950732422396, 0.34906585039886523, 0.3685003404305053, 0.349065850398866, 0.35934879054166], "turns_sum": 7.743936259980116, "max_turn": 0.6981317007977317, "m1": 13.565378824547713, "m2": 0, "m3": 17, "m4": 7.743936259980116}, "4": {"longitude": 20.328904744697812, "deviation": 0.3289047446978124, "turns": [0.3490658503988661, 0.34906585039886606, 0.3490658503988672, 0.349065850398865, 0.3490658503988661, 0.349065850398866, 0.3490658503988659, 0.349065850398866, 0.3490658503988659, 0.349065850398866, 0.3794533441522266, 0.34906585039886556, 0.42455427408496915], "turns_sum": 4.643731972624722, "max_turn": 0.42455427408496915, "m1": 13.552603163131876, "m2": 0, "m3": 13, "m4": 4.643731972624722}, "waypoints": {"0": {"X": [10.0, 9.647615267205284, 9.295230534410567, 8.942845801615851, 8.590461068821135, 8.238076336026419, 7.885691603231703, 7.533306870436988, 7.1809221376422725, 6.828537404847557, 6.476152672052842, 6.123767939258126, 5.771383206463411, 5.418998473668696, 5.06661374087398, 4.714229008079265, 4.361844275284549, 4.009459542489834, 3.634459542489834, 3.2820748096951187, 2.9070748096951187, 2.5546900769004033, 2.1796900769004033, 1.8046900769004033, 1.4296900769004033, 1.0546900769004033, 0.6796900769004033, 0.3060081863091323, -0.0676737042821387, -0.4413555948734097, -0.8150374854646807, -1.1887193760559516, -1.5624012666472225, -1.9360831572384933, -2.309765047829764, -2.683446938421035, -3.057128829012306, -3.430810719603577, -3.8044926101948477, -4.178174500786119, -4.55185639137739, -4.925538281968661, -5.299220172559933, -5.672902063151204, -6.046583953742475, -6.420265844333747, -6.793947734925018, -7.167629625516289, -7.541311516107561, -7.914993406698832, -8.288675297290103, -8.662357187881375, -10.0], "Y": [0.0, -0.12825755374712575, 2.498001805406602e-16, -0.12825755374712536, 6.38378239159465e-16, -0.12825755374712497, 1.0269562977782698e-15, -0.12825755374712458, 1.4155343563970746e-15, -0.1282575537471242, 1.8041124150158794e-15, 0.1282575537471278, 2.192690473634684e-15, 0.1282575537471282, 0.2565151074942542, 0.3847726612413802, 0.5130302149885062, 0.6412877687356322, 0.6412877687356324, 0.7695453224827584, 0.7695453224827586, 0.8978028762298846, 0.8978028762298849, 0.8978028762298851, 0.8978028762298853, 0.8978028762298855, 0.8978028762298857, 0.8663887926982374, 0.8349747091665891, 0.8035606256349408, 0.7721465421032925, 0.7407324585716442, 0.7093183750399958, 0.6779042915083475, 0.6464902079766992, 0.6150761244450509, 0.5836620409134026, 0.5522479573817543, 0.5208338738501059, 0.48941979031845767, 0.4580057067868094, 0.42659162325516115, 0.3951775397235129, 0.3637634561918646, 0.33234937266021636, 0.3009352891285681, 0.26952120559691983, 0.23810712206527157, 0.20669303853362328, 0.175278955001975, 0.1438648714703267, 0.11245078793867841, -0.0]}, "1": {"X": [3.0901699437494745, 3.1032572550129123, 2.987375882122307, 2.8714945092317015, 2.6406214559845798, 2.5247400830939744, 2.408858710203369, 2.4219460214668067, 2.3060646485762013, 2.190183275685596, 2.0743019027949905, 1.8434288495478688, 1.7275474766572634, 1.611666103766658, 1.3807930505195363, 1.2649116776289309, 1.1490303047383255, 0.9181572514912038, 0.687284198244082, 0.5714028253534768, 0.340529772106355, 0.10965671885923323, 0.012458251426502864, -0.0847402160062275, -0.29995122043904, -0.5151622248718525, -0.730373229304665, -0.9455842337374775, -1.0244402906594425, -1.1032963475814075, -1.1821524045033724, -1.2610084614253374, -1.3398645183473024, -1.4187205752692673, -1.4975766321912323, -1.5764326891131972, -1.6552887460351622, -1.7341448029571271, -1.813000859879092, -1.891856916801057, -1.970712973723022, -2.049569030644987, -2.128425087566952, -2.207281144488917, -2.286137201410882, -2.364993258332847, -2.4438493152548117, -2.5227053721767767, -2.6015614290987417, -2.6804174860207066, -2.7592735429426716, -2.8381295998646365, -3.0901699437494745], "Y": [9.510565162951535, 9.135793602819374, 8.779147409208692, 8.42250121559801, 8.126997182995488, 7.770350989384806, 7.413704795774123, 7.038933235641962, 6.682287042031279, 6.325640848420597, 5.968994654809914, 5.673490622207393, 5.316844428596711, 4.960198234986028, 4.664694202383507, 4.308048008772825, 3.951401815162142, 3.655897782559621, 3.3603937499571, 3.0037475563464175, 2.7082435237438967, 2.4127394911413758, 2.0505552038942225, 1.6883709166470693, 1.3812728483186931, 1.074174779990317, 0.7670767116619408, 0.4599786433335647, 0.09336341958157729, -0.2732518041704102, -0.6398670279223976, -1.006482251674385, -1.3730974754263725, -1.73971269917836, -2.1063279229303475, -2.472943146682335, -2.8395583704343226, -3.20617359418631, -3.5727888179382976, -3.939404041690285, -4.306019265442273, -4.67263448919426, -5.039249712946247, -5.405864936698234, -5.772480160450221, -6.139095384202208, -6.505710607954195, -6.872325831706182, -7.238941055458169, -7.605556279210156, -7.972171502962143, -8.338786726714131, -9.510565162951535]},