{"0": {"longitude": 22.62741699796952, "deviation": -3.552713678800501e-15, "turns": [], "turns_sum": 0, "max_turn": 0, "m1": 15.084944665313012, "m2": 0, "m3": 0, "m4": 0}, "1": {"longitude": 18.82924133868152, "deviation": 0.9406975186832014, "turns": [1.0471975511965976, 1.0471975511965976, 1.0471975511965976, 1.0471975511965976, 0.3490658503988655, 0.3490658503988669, 0.4584449481127573, 0.349065850398866, 0.3597046225086184, 0.3490658503988658, 0.36038702272862166], "turns_sum": 6.763590199731853, "max_turn": 1.0471975511965976, "m1": 12.552827559121013, "m2": 0, "m3": 11, "m4": 6.763590199731853}, "2": {"longitude": 16.492422502470642, "deviation": 0.0, "turns": [], "turns_sum": 0, "max_turn": 0, "m1": 10.994948334980428, "m2": 0, "m3": 0, "m4": 0}, "3": {"longitude": 20.17154595373267, "deviation": 0.17154595373267156, "turns": [0.3490658503988668, 0.3490658503988667, 0.3490658503988668, 0.3490658503988667, 0.3865218769502568, 0.3490658503988656, 0.35837802723690515, 0.3490658503988663, 0.3588967757777804], "turns_sum": 3.1981917823581414, "max_turn": 0.3865218769502568, "m1": 13.447697302488448, "m2": 0, "m3": 9, "m4": 3.1981917823581414}, "4": {"longitude": 17.888543819998322, "deviation": 3.552713678800501e-15, "turns": [], "turns_sum": 0, "max_turn": 0, "m1": 11.925695879998882, "m2": 0, "m3": 0, "m4": 0}, "waypoints": {"0": {"X": [-8.0, -7.734834957055044, -7.469669914110089, -7.204504871165133, -6.939339828220177, -6.674174785275222, -6.409009742330266, -6.14384469938531, -5.8786796564403545, -5.613514613495399, -5.348349570550443, -5.0831845276054874, -4.818019484660532, -4.552854441715576, -4.28768939877062, -4.022524355825665, -3.7573593128807095, -3.492194269935754, -3.227029226990799, -2.9618641840458437, -2.6966991411008885, -2.4315340981559332, -2.166369055210978, -1.9012040122660228, -1.6360389693210675, -1.3708739263761123, -1.105708883431157, -0.8405438404862018, -0.5753787975412465, -0.3102137545962912, -0.04504871165133584, 0.22011633129361952, 0.4852813742385748, 0.7504464171835301, 1.0156114601284854, 1.2807765030734406, 1.5459415460183958, 1.811106588963351, 2.0762716319083063, 2.3414366748532616, 2.606601717798217, 2.871766760743172, 3.1369318036881273, 3.4020968466330825, 3.667261889578038, 3.932426932522993, 4.197591975467948, 4.462757018412904, 4.72792206135786, 4.993087104302815, 5.258252147247771, 5.523417190192727, 5.788582233137682, 6.053747276082638, 6.318912319027594, 6.5840773619725494, 6.849242404917505, 7.114407447862461, 8.0], "Y": [-8.0, -7.734834957055044, -7.469669914110089, -7.204504871165133, -6.939339828220177, -6.674174785275222, -6.409009742330266, -6.14384469938531, -5.8786796564403545, -5.613514613495399, -5.348349570550443, -5.0831845276054874, -4.818019484660532, -4.552854441715576, -4.28768939877062, -4.022524355825665, -3.7573593128807095, -3.492194269935754, -3.227029226990799, -2.9618641840458437, -2.6966991411008885, -2.4315340981559332, -2.166369055210978, -1.9012040122660228, -1.6360389693210675, -1.3708739263761123, -1.105708883431157, -0.8405438404862018, -0.5753787975412465, -0.3102137545962912, -0.04504871165133584, 0.22011633129361952, 0.4852813742385748, 0.7504464171835301, 1.0156114601284854, 1.2807765030734406, 1.5459415460183958, 1.811106588963351, 2.0762716319083063, 2.3414366748532616, 2.606601717798217, 2.871766760743172, 3.1369318036881273, 3.4020968466330825, 3.667261889578038, 3.932426932522993, 4.197591975467948, 4.462757018412904, 4.72792206135786, 4.993087104302815, 5.258252147247771, 5.523417190192727, 5.788582233137682, 6.053747276082638, 6.318912319027594, 6.5840773619725494, 6.849242404917505, 7.114407447862461, 8.0]}, "1": {"X": [-4.0, -3.727691713125021, -3.455383426250042, -3.1830751393750627, -3.2702030992831177, -3.3573310591911727, -3.0850227723161936, -3.1721507322242486, -2.8998424453492695, -2.555775368151213, -2.2117082909531574, -1.8676412137551013, -1.5235741365570452, -1.2512658496820661, -0.978957562807087, -0.7066492759321079, -0.4343409890571288, -0.30425184112715387, -0.06171520545043854, 0.06462486004673867, 0.30410504622924267, 0.4264398580874681, 0.5487746699456936, 0.671109481803919, 0.7934442936621445, 0.91577910552037, 1.0381139173785954, 1.1604487292368209, 1.2827835410950463, 1.4051183529532718, 1.5274531648114973, 1.6497879766697228, 1.7721227885279482, 1.8944576003861737, 2.016792412244399, 2.1391272241026247, 2.26146203596085, 2.3837968478190756, 2.506131659677301, 2.6284664715355266, 2.750801283393752, 2.8731360952519776, 2.995470907110203, 3.1178057189684285, 3.240140530826654, 3.3624753426848795, 3.484810154543105, 3.6071449664013304, 4.0], "Y": [-8.0, -7.742176035056448, -7.484352070112896, -7.226528105169344, -6.861790228602816, -6.497052352036287, -6.239228387092735, -5.874490510526207, -5.616666545582655, -5.467526187569182, -5.318385829555709, -5.169245471542236, -5.020105113528762, -4.76228114858521, -4.504457183641657, -4.246633218698104, -3.988809253754552, -3.6370965676159184, -3.3510878608347783, -2.99801111584841, -2.7094383513227305, -2.354953945731155, -2.000469540139579, -1.6459851345480037, -1.2915007289564282, -0.9370163233648527, -0.5825319177732773, -0.22804751218170183, 0.12643689340987363, 0.4809212990014491, 0.8354057045930245, 1.1898901101846, 1.5443745157761755, 1.898858921367751, 2.2533433269593264, 2.607827732550902, 2.9623121381424777, 3.3167965437340534, 3.671280949325629, 4.025765354917205, 4.3802497605087805, 4.734734166100356, 5.089218571691932, 5.4437029772835075, 5.798187382875083, 6.152671788466659, 6.5071561940582345, 6.86164059964981, 8.0]}, "2": {"X": [0.0, -0.09095085938862486, -0.18190171877724973, -0.2728525781658746, -0.36380343755449945, -0.4547542969431243, -0.5457051563317492, -0.636656015720374, -0.7276068751089989, -0.8185577344976238, -0.9095085938862486, -1.0004594532748734, -1.0914103126634982, -1.182361172052123, -1.2733120314407478, -1.3642628908293726, -1.4552137502179974, -1.5461646096066222, -1.637115468995247, -1.7280663283838718, -1.8190171877724965, -1.9099680471611213, -2.0009189065497464, -2.0918697659383714, -2.1828206253269964, -2.2737714847156214, -2.3647223441042464, -2.4556732034928714, -2.5466240628814965, -2.6375749222701215, -2.7285257816587465, -2.8194766410473715, -2.910427500435996, -3.0013783598246206, -3.0923292192132457, -3.1832800786018707, -3.2742309379904952, -3.36518179737912, -3.456132656767745, -3.5470835161563694, -3.638034375544994, -3.728985234933619, -4.0], "Y": [-8.0, -7.636196562445501, -7.272393124891002, -6.9085896873365025, -6.544786249782003, -6.180982812227504, -5.817179374673005, -5.453375937118506, -5.089572499564007, -4.725769062009507, -4.361965624455008, -3.9981621869005086, -3.634358749346009, -3.2705553117915094, -2.9067518742370098, -2.54294843668251, -2.1791449991280105, -1.8153415615735111, -1.4515381240190117, -1.0877346864645123, -0.7239312489100129, -0.36012781135551347, 0.0036756261989859818, 0.36747906375348544, 0.7312825013079849, 1.0950859388624843, 1.4588893764169837, 1.822692813971483, 2.1864962515259827, 2.5502996890804823, 2.914103126634982, 3.2779065641894816, 3.641710001743981, 4.005513439298481, 4.36931687685298, 4.733120314407479, 5.096923751961978, 5.4607271895164775, 5.824530627070977, 6.188334064625476, 6.552137502179975, 6.915940939734474, 8.0]},