{"0": {"longitude": 40.286095854530146, "deviation": 0.28609585453014574, "turns": [0.6981317007977316, 0.6981317007977319, 0.6981317007977316, 0.6981317007977316, 0.37774182195951406], "turns_sum": 3.1702686251504404, "max_turn": 0.6981317007977319, "m1": 26.85739723635343, "m2": 0, "m3": 5, "m4": 3.1702686251504404}, "1": {"longitude": 10.0, "deviation": 0.0, "turns": [], "turns_sum": 0, "max_turn": 0, "m1": 6.666666666666667, "m2": 0, "m3": 0, "m4": 0}, "2": {"longitude": 19.39485207020303, "deviation": 3.870677373943005, "turns": [0.34906585039886656, 0.3577335642802215, 0.34906585039886606, 0.35818129859342757, 0.6981317007977323, 1.0471975511965999, 0.3490658503988667, 0.735582666314812, 0.6981317007977321, 0.6981317007977317, 0.9701815095717599, 0.6981317007977309, 0.7581314311604351], "turns_sum": 8.066732375504783, "max_turn": 1.0471975511965999, "m1": 12.929901380135354, "m2": 0, "m3": 13, "m4": 8.066732375504783}, "3": {"longitude": 16.87122894231979, "deviation": 1.3470542460597645, "turns": [0.35751933537896774, 0.3490658503988651, 0.35794467704516786, 0.3490658503988659, 0.44000801438965337, 0.3490658503988654, 0.3611985138925198, 0.6981317007977306, 0.8748662737945969, 0.34906585039886606, 0.698131700797732, 1.047197551196598, 0.34906585039886606, 0.8940755153007012], "turns_sum": 7.4744025345879965, "max_turn": 1.047197551196598, "m1": 11.247485961546525, "m2": 0, "m3": 14, "m4": 7.4744025345879965}, "4": {"longitude": 21.816123537027504, "deviation": 0.27546430848948944, "turns": [0.3490658503988625, 0.6981317007977296, 0.6981317007977297, 0.35556524052703026, 0.3490658503988697, 0.3558138238117074, 0.3490658503988686, 0.3560821720686647, 0.3490658503988668, 0.35637273960373256, 0.34906585039886656, 0.356688404538456, 0.3490658503988645, 0.3570325644040616, 0.698131700797732, 0.731657827026629], "turns_sum": 7.058002976766671, "max_turn": 0.731657827026629, "m1": 14.544082358018336, "m2": 0, "m3": 16, "m4": 7.058002976766671}, "5": {"longitude": 22.749742015721665, "deviation": 1.2090827871836503, "turns": [0.6981317007977286, 0.3490658503988625, 0.349065850398866, 0.3556911387123888, 0.3490658503988648, 0.3559496341470976, 0.34906585039886695, 0.3562291127159967, 0.349065850398868, 0.35653223679889195, 0.34906585039886506, 0.3568621389863503, 0.3490658503988658, 0.70350068561565], "turns_sum": 5.626357600566163, "max_turn": 0.70350068561565, "m1": 15.166494677147776, "m2": 0, "m3": 14, "m4": 5.626357600566163}, "waypoints": {"0": {"X": [0.0, 0.35238473279471566, 0.7047694655894314, 1.057154198384147, 1.4095389311788629, 1.7619236639735785, 2.114308396768294, 2.4666931295630095, 2.819077862357725, 3.1714625951524402, 3.5238473279471556, 3.876232060741871, 4.228616793536586, 4.603462620724681, 4.9783084479127755, 5.35315427510087, 5.728000102288965, 6.102845929477059, 6.477691756665154, 6.852537583853248, 7.227383411041343, 7.602229238229437, 7.977075065417532, 8.351920892605627, 8.726766719793721, 9.101612546981816, 9.47645837416991, 9.851304201358005, 10.2261500285461, 10.600995855734194, 10.975841682922288, 11.350687510110383, 11.725533337298478, 12.100379164486572, 12.475224991674667, 12.850070818862761, 13.224916646050856, 13.59976247323895, 13.974608300427045, 14.34945412761514, 14.724299954803234, 15.099145781991329, 15.473991609179423, 15.848837436367518, 16.22368326355561, 16.598529090743703, 16.973374917931796, 17.34822074511989, 17.723066572307985, 18.09791239949608, 18.472758226684178, 18.84760405387227, 19.222449881060363, 19.597295708248456, 19.97214153543655, 20.346987362624642, 20.721833189812735, 21.096679017000827, 21.47152484418892, 21.846370671377016, 22.22121649856511, 22.596062325753202, 22.970908152941295, 23.345753980129388, 23.72059980731748, 24.095445634505573, 24.470291461693666, 24.84513728888176, 25.21998311606985, 25.594828943257944, 25.969674770446037, 26.34452059763413, 26.719366424822223, 27.094212252010315, 27.46905807919841, 27.8439039063865, 28.218749733574594, 28.593595560762687, 28.96844138795078, 29.343287215138872, 29.718133042326965, 30.092978869515058, 30.46782469670315, 30.842670523891243, 31.217516351079336, 31.59236217826743, 31.967208005455525, 32.34205383264362, 32.71689965983172, 33.091745487019814, 33.46659131420791, 33.84143714139601, 34.2162829685841, 34.5911287957722, 34.965974622960296, 35.34082045014839, 35.71566627733649, 36.090512104524585, 36.46535793171268, 36.84020375890078, 37.215049586088874, 37.58989541327697, 37.96474124046507, 38.33958706765316, 38.71443289484126, 40.0], "Y": [0.0, 0.1282575537471258, 8.326672684688674e-17, 0.12825755374712594, 3.0531133177191805e-16, 0.12825755374712616, 0.256515107494252, 0.3847726612413779, 0.5130302149885038, 0.6412877687356296, 0.7695453224827555, 0.8978028762298814, 1.0260604299770073, 1.0153084143672164, 1.0045563987574255, 0.9938043831476348, 0.983052367537844, 0.9723003519280532, 0.9615483363182624, 0.9507963207084716, 0.9400443050986809, 0.9292922894888901, 0.9185402738790993, 0.9077882582693085, 0.8970362426595178, 0.886284227049727, 0.8755322114399362, 0.8647801958301454, 0.8540281802203546, 0.8432761646105639, 0.8325241490007731, 0.8217721333909823, 0.8110201177811915, 0.8002681021714008, 0.78951608656161, 0.7787640709518192, 0.7680120553420284, 0.7572600397322377, 0.7465080241224469, 0.7357560085126561, 0.7250039929028653, 0.7142519772930745, 0.7034999616832838, 0.692747946073493, 0.6819959304637022, 0.6712439148539114, 0.6604918992441207, 0.6497398836343299, 0.6389878680245391, 0.6282358524147483, 0.6174838368049576, 0.6067318211951668, 0.595979805585376, 0.5852277899755852, 0.5744757743657944, 0.5637237587560037, 0.5529717431462129, 0.5422197275364221, 0.5314677119266313, 0.5207156963168406, 0.5099636807070498, 0.49921166509725895, 0.4884596494874681, 0.4777076338776773, 0.46695561826788645, 0.4562036026580956, 0.4454515870483048, 0.43469957143851395, 0.4239475558287231, 0.41319554021893234, 0.40244352460914157, 0.3916915089993508, 0.38093949338956, 0.37018747777976924, 0.35943546216997846, 0.3486834465601877, 0.3379314309503969, 0.32717941534060613, 0.31642739973081535, 0.3056753841210246, 0.2949233685112338, 0.284171352901443, 0.27341933729165224, 0.26266732168186147, 0.2519153060720707, 0.2411632904622799, 0.23041127485248913, 0.21965925924269836, 0.20890724363290755, 0.19815522802311675, 0.18740321241332594, 0.17665119680353514, 0.16589918119374433, 0.15514716558395353, 0.14439514997416272, 0.13364313436437192, 0.1228911187545811, 0.11213910314479028, 0.10138708753499945, 0.09063507192520862, 0.07988305631541777, 0.06913104070562692, 0.05837902509583606, 0.047627009486045195, 0.03687499387625432, 0.0]}, "1": {"X": [10.0, 9.625, 9.25, 8.875, 8.5, 8.125, 7.75, 7.375, 7.0, 6.625, 6.25, 5.875, 5.5, 5.125, 4.75, 4.375, 4.0, 3.625, 3.25, 2.875, 2.5, 2.125, 1.75, 1.375, 1.0, 0.0], "Y": [0.0, 0.0, 0.0, 0.0, 0.0, 0.0, 0.0, 0.0, 0.0, 0.0, 0.0, 0.0, 0.0, 0.0, 0.0, 0.0, 0.0, 0.0, 0.0, 0.0, 0.0, 0.0, 0.0, 0.0, 0.0, 0.0]}, "2": {"X": [15.0, 14.637661897649533, 14.26412827538836, 13.902641278363188, 13.528834525174448, 13.168271895059757, 12.807709264945066, 12.447146634830375, 12.086584004715684, 11.726021374600993, 11.365458744486302, 11.004896114371611, 10.64433348425692, 10.30188632596359, 9.99831393559213, 9.788347095494018, 9.578380255395906, 9.214211981678691, 8.850043707961476, 8.48587543424426, 8.121707160527045, 7.757538886809829, 7.393370613092614, 7.05688562081968, 6.720400628546747, 6.383915636273813, 6.04743064400088, 5.710945651727946, 5.374460659455012, 5.037975667182079, 4.701490674909145, 4.365005682636212, 4.028520690363278, 3.6920356980903444, 3.3555507058174108, 3.019065713544477, 2.6825807212715436, 2.34609572899861, 2.0096107367256764, 1.6454424630084608, 1.5134518595602278, 1.6379619136006036, 1.485161336148209, 1.3323607586958144, 1.1795601812434198, 1.0267596037910252, 0.8739590263386304, 0.7211584488862357, 0.568357871433841, 0.41555729398144625, 0.0],