{"0": {"longitude": 40.228315094152, "deviation": 0.22831509415200202, "turns": [0.003234926123252506, 0.0032639182782876336, 0.003293434642481442, 0.0033234895599798093, 0.003354097903012094, 0.003385275096395142, 0.0034170371434515405, 0.0034494006533844555, 0.003482382870198904, 0.3525818521022209], "turns_sum": 0.38278581437266446, "max_turn": 0.3525818521022209, "m1": 26.818876729434667, "m2": 0, "m3": 10, "m4": 0.38278581437266446}, "1": {"longitude": 10.0, "deviation": 0.0, "turns": [], "turns_sum": 0, "max_turn": 0, "m1": 6.666666666666667, "m2": 0, "m3": 0, "m4": 0}, "2": {"longitude": 16.361348479569145, "deviation": 0.8371737833091206, "turns": [0.69813170079773, 0.019110194042602766, 0.01955185527054328, 0.020014322946100168, 0.020499098198797333, 0.02100782976155545, 0.7196740333295707, 0.6981317007977315, 0.024646865848169247, 0.723516324525586, 0.6981317007977309, 0.37634370601874123, 0.3641798228230617], "turns_sum": 4.40293915515792, "max_turn": 0.723516324525586, "m1": 10.907565653046097, "m2": 0, "m3": 13, "m4": 4.40293915515792}, "3": {"longitude": 16.0492740337951, "deviation": 0.5250993375350763, "turns": [0.008453484980102757, 0.008654170544945366, 0.008864608219893003, 0.009085526124036838, 0.009317726677093779, 0.009562096321269323, 0.3588854672089795, 0.6981317007977306, 0.022899683143365636, 0.02353570533736144, 0.7223395742960158, 0.6981317007977325, 0.7251450658319494], "turns_sum": 3.3030065102804755, "max_turn": 0.7251450658319494, "m1": 10.699516022530068, "m2": 0, "m3": 13, "m4": 3.3030065102804755}, "4": {"longitude": 22.043683646897023, "deviation": 0.5030244183590078, "turns": [0.3490658503988625, 0.3552280681859265, 0.3490658503988643, 0.35582992773350763, 0.3490658503988642, 0.007033733108346722, 0.0071721554323576735, 0.007316131567210856, 0.3565318528399329, 0.6981317007977326, 0.014931906941490302, 0.36426654101162, 0.008271422454809826, 0.008463465325897227, 0.008664630288477837, 0.008875582730307113, 0.009097054335717667, 0.009329851550276394, 0.009574865375996345, 0.35889893314624594], "turns_sum": 3.634815374022445, "max_turn": 0.6981317007977326, "m1": 14.695789097931348, "m2": 0, "m3": 20, "m4": 3.634815374022445}, "5": {"longitude": 21.54065922853802, "deviation": 3.552713678800501e-15, "turns": [], "turns_sum": 0, "max_turn": 0, "m1": 14.360439485692012, "m2": 0, "m3": 0, "m4": 0}, "waypoints": {"0": {"X": [0.0, 0.35238473279471566, 0.7051825247699752, 1.0583933361278777, 1.4120170878797866, 1.7660536600690802, 2.12050288990936, 2.4753645698334985, 2.8306384454486144, 3.1863242133917558, 3.542421519080726, 3.9172083450363053, 4.291995170991885, 4.6667819969474635, 5.041568822903042, 5.416355648858621, 5.7911424748142, 6.165929300769779, 6.540716126725358, 6.915502952680937, 7.290289778636516, 7.665076604592095, 8.039863430547674, 8.414650256503254, 8.789437082458834, 9.164223908414414, 9.539010734369993, 9.913797560325573, 10.288584386281153, 10.663371212236733, 11.038158038192313, 11.412944864147892, 11.787731690103472, 12.162518516059052, 12.537305342014632, 12.912092167970211, 13.286878993925791, 13.661665819881371, 14.03645264583695, 14.41123947179253, 14.78602629774811, 15.16081312370369, 15.53559994965927, 15.91038677561485, 16.285173601570428, 16.659960427526006, 17.034747253481584, 17.40953407943716, 17.78432090539274, 18.159107731348318, 18.533894557303896, 18.908681383259474, 19.28346820921505, 19.65825503517063, 20.033041861126208, 20.407828687081786, 20.782615513037364, 21.15740233899294, 21.53218916494852, 21.906975990904098, 22.281762816859676, 22.656549642815254, 23.03133646877083, 23.40612329472641, 23.780910120681988, 24.155696946637566, 24.530483772593143, 24.90527059854872, 25.2800574245043, 25.654844250459877, 26.029631076415455, 26.404417902371033, 26.77920472832661, 27.15399155428219, 27.528778380237767, 27.903565206193345, 28.278352032148923, 28.6531388581045, 29.02792568406008, 29.402712510015657, 29.777499335971235, 30.152286161926813, 30.52707298788239, 30.90185981383797, 31.276646639793547, 31.651433465749125, 32.0262202917047, 32.401007117660285, 32.77579394361587, 33.15058076957145, 33.52536759552703, 33.90015442148261, 34.27494124743819, 34.649728073393774, 35.024514899349356, 35.39930172530494, 35.77408855126052, 36.1488753772161, 36.52366220317168, 36.89844902912726, 37.273235855082845, 37.64802268103843, 38.02280950699401, 38.39759633294959, 38.77238315890517, 39.14716998486075, 39.521956810816334, 39.896743636771916, 40.0], "Y": [0.0, 0.1282575537471258, 0.25537449981405075, 0.38133926766558995, 0.5061400777467115, 0.6297649358960948, 0.752201627560124, 0.8734377117983506, 0.9934605150709586, 1.1122571247982482, 1.2298143826816132, 1.217171792355956, 1.2045292020302987, 1.1918866117046414, 1.179244021378984, 1.1666014310533268, 1.1539588407276695, 1.1413162504020122, 1.128673660076355, 1.1160310697506977, 1.1033884794250404, 1.090745889099383, 1.0781032987737258, 1.0654607084480685, 1.0528181181224112, 1.040175527796754, 1.0275329374710966, 1.0148903471454394, 1.002247756819782, 0.9896051664941248, 0.9769625761684675, 0.9643199858428102, 0.9516773955171529, 0.9390348051914956, 0.9263922148658383, 0.913749624540181, 0.9011070342145238, 0.8884644438888665, 0.8758218535632092, 0.8631792632375519, 0.8505366729118946, 0.8378940825862373, 0.82525149226058, 0.8126089019349227, 0.7999663116092655, 0.7873237212836082, 0.7746811309579509, 0.7620385406322936, 0.7493959503066363, 0.736753359980979, 0.7241107696553217, 0.7114681793296644, 0.6988255890040072, 0.6861829986783499, 0.6735404083526926, 0.6608978180270353, 0.648255227701378, 0.6356126373757207, 0.6229700470500634, 0.6103274567244061, 0.5976848663987488, 0.5850422760730916, 0.5723996857474343, 0.559757095421777, 0.5471145050961197, 0.5344719147704624, 0.5218293244448051, 0.5091867341191478, 0.49654414379349054, 0.48390155346783326, 0.47125896314217597, 0.4586163728165187, 0.4459737824908614, 0.4333311921652041, 0.4206886018395468, 0.40804601151388953, 0.39540342118823224, 0.38276083086257495, 0.37011824053691766, 0.3574756502112604, 0.3448330598856031, 0.3321904695599458, 0.3195478792342885, 0.3069052889086312, 0.29426269858297394, 0.28162010825731665, 0.26897751793165936, 0.25633492760600207, 0.24369233728034478, 0.2310497469546875, 0.2184071566290302, 0.20576456630337292, 0.1931219759777156, 0.1804793856520583, 0.16783679532640097, 0.15519420500074366, 0.1425516146750863, 0.12990902434942897, 0.11726643402377163, 0.10462384369811427, 0.0919812533724569, 0.07933866304679951, 0.06669607272114213, 0.05405348239548473, 0.0414108920698273, 0.02876830174416985, 0.016125711418512368, 0.0034831210928548233, 0.0]}, "1": {"X": [10.0, 9.625, 9.25, 8.875, 8.5, 8.125, 7.75, 7.375, 7.0, 6.625, 6.25, 5.875, 5.5, 5.125, 4.75, 4.375, 4.0, 3.625, 3.25, 2.875, 2.5, 2.125, 1.75, 1.375, 1.0, 0.625, 0.25, 0.0], "Y": [0.0, 0.0, 0.0, 0.0, 0.0, 0.0, 0.0, 0.0, 0.0, 0.0, 0.0, 0.0, 0.0, 0.0, 0.0, 0.0, 0.0, 0.0, 0.0, 0.0, 0.0, 0.0, 0.0, 0.0, 0.0, 0.0, 0.0, 0.0]}, "2": {"X": [15.0, 14.637661897649533, 14.275323795299066, 13.912985692948599, 13.550647590598132, 13.188309488247665, 12.825971385897198, 12.46363328354673, 12.24817457843307, 12.026890188262545, 11.799729124252805, 11.566642341734523, 11.32758311576869, 11.082507470551523, 10.711117928527196, 10.33972838650287, 9.968338844478543, 9.717206044845959, 9.45928627998584, 9.085765334550132, 8.821019266288756, 8.477193686067551, 8.102598223728403, 7.728002761389255, 7.353407299050106, 6.978811836710958, 6.604216374371809, 6.229620912032661, 5.855025449693512, 5.480429987354364, 5.105834525015215, 4.7312390626760665, 4.356643600336918, 3.98204813799777, 3.607452675658622, 3.2328572133194737, 2.8582617509803256, 2.4836662886411776, 2.1090708263020295, 1.7344753639628814, 1.3598799016237333, 0.9852844392845852, 0.610688976945437, 0.23609351460628886, 0.0],