{"0": {"longitude": 21.540699551112336, "deviation": 1.5406995511123363, "turns": [0.006527801477134166, 0.35571272005648347, 0.34906585039886573, 0.7050387852185003, 0.3561063731234315, 0.3490658503988657, 0.705625509402886, 0.3567169706129379, 0.34906585039886595, 0.007997922151611221, 0.008177346617716673, 0.008364999735786758, 0.008561460540546281, 0.008767363675331855, 0.35804925662833165, 0.36122240001284706, 1.047197551196597, 0.7400751724577322, 0.01734753071852751, 0.018212754450959292, 0.019168646372978278, 0.32883562464062244, 1.4360644171055559, 1.4380104565535539, 1.4401545764354013, 1.0934625531633968, 0.32267922941707483, 0.052650307788428795, 1.4523519048713076, 0.06000035331628408, 0.06448982648960302, 0.7678251038577641, 0.34906585039886606, 0.046876477276560184, 0.4027977672434902, 0.3490658503988659, 0.4261413531454441], "turns_sum": 16.166539767749157, "max_turn": 1.4523519048713076, "m1": 14.360466367408224, "m2": 0, "m3": 37, "m4": 16.166539767749157}, "1": {"longitude": 20.86537886363566, "deviation": 0.8653788636356587, "turns": [0.0065278014771360336, 0.006646869657616853, 0.7049020601868402, 0.7050302223083807, 0.7051633269919894, 0.007169964843571194, 0.3563797026195185, 0.3490658503988659, 0.007630131866501242, 0.356859127431821, 0.34906585039886673, 0.009256704528599922, 0.009497845313832609, 0.009751873889619777, 0.010019851123617432, 0.010302957542466394, 0.010602510684842449, 0.010919985563457685, 0.6868746618922293, 0.7271037199296335, 0.6863206432800499, 1.0776195494014733, 0.34906585039886473, 0.42439457143334697, 0.34906585039886484, 0.5590255379548301], "turns_sum": 8.484263021516838, "max_turn": 1.0776195494014733, "m1": 13.910252575757106, "m2": 0, "m3": 26, "m4": 8.484263021516838}, "2": {"longitude": 21.996966760454065, "deviation": 1.9969667604540646, "turns": [0.006527801477135057, 0.006646869657618404, 0.35583620978797453, 0.3490658503988648, 0.7051722269109411, 0.007179218392349436, 0.7054551816901291, 0.7056053566962867, 0.0076301143160805935, 0.7059249595222785, 0.007963526831651895, 0.00814139538890109, 0.008327384642848067, 0.008522063409362268, 0.008726054874969491, 0.3580058936487543, 0.34906585039886645, 0.360731229282248, 0.34906585039886534, 0.6851980165537173, 0.03336704992785488, 1.0131946237595049, 1.0125344313842244, 0.03534903273410861, 1.0111353698482366, 1.0103933501493714, 1.084774410735967, 0.34906585039886584, 0.01619846653674269, 0.366016407419358, 0.3490658503988641, 0.37700416355602806, 0.34906585039886606, 0.734876195186409, 0.7389693242670146, 0.7440836282004079, 0.052522204042694434, 0.7594014275857457, 0.4225492486778281], "turns_sum": 16.15835793948793, "max_turn": 1.084774410735967, "m1": 14.664644506969376, "m2": 0, "m3": 39, "m4": 16.15835793948793}, "3": {"longitude": 20.848277112068313, "deviation": 0.8482771120683132, "turns": [0.3490658503988669, 0.7049185669012199, 0.3559815098654994, 0.34906585039886595, 0.007197784475970292, 0.705474501911215, 0.35655962753296416, 0.3490658503988651, 0.7059578580653064, 0.007997880706902636, 0.008177303294047795, 0.008364954402497581, 0.008561413054571466, 0.008767313879706513, 0.008983353951590715, 0.0092103006592111, 0.009449000798854615, 0.009700391113852482, 0.009965510558237831, 0.01024551462241352, 0.010541692136836875, 0.3599213354673708, 0.3619387237616265, 0.3490658503988652, 0.36742225788991645, 0.34906585039886623, 0.02179022975776441, 0.023171745742843704, 1.071937388427717, 1.0963757634518039, 0.028174463602163545, 1.077722089926725, 0.7596210917185685, 0.34906585039886523, 0.04011916405327623, 0.39411095405625124], "turns_sum": 10.642754788180122, "max_turn": 1.0963757634518039, "m1": 13.898851408045543, "m2": 0, "m3": 36, "m4": 10.642754788180122}, "4": {"longitude": 20.0, "deviation": 0.0, "turns": [], "turns_sum": 0, "max_turn": 0, "m1": 13.333333333333334, "m2": 0, "m3": 0, "m4": 0}, "waypoints": {"0": {"X": [10.0, 9.647615267205284, 9.294400808424163, 8.919433352695835, 8.568768903722415, 8.215587232130057, 7.840620438973114, 7.465653645816172, 7.111593302067428, 6.761952619157417, 6.386985045593251, 6.032944143138119, 5.677925931783506, 5.321931966311358, 4.964964486200407, 4.607026492838317, 4.248121836213598, 3.8738896531761395, 3.499657470138681, 3.1254252871012222, 2.7511931040637636, 2.376960921026305, 2.0027287379888463, 1.6284965549513877, 1.254264371913929, 1.254264371913929, 0.8800321888764704, 0.8800321888764704, 0.5201656651150335, 0.14625269994627893, -0.22766026522247562, -0.6015732303912302, -0.9754861955599847, -1.3493991607287392, -1.7233121258974937, -2.097225091066248, -2.259471841579389, -2.6072626632145095, -2.957433806208707, -3.30999058739629, -3.6649318930751833, -3.9617783061740184, -4.228719959377776, -4.525119886411082, -4.791496215768702, -5.148317713813506, -5.450147921699005, -5.7632712060439895, -6.0051728543555605, -6.2638217506076295, -6.539431436838475, -6.914335374592121, -7.263726946454726, -7.619116964977582, -7.992977577380722, -8.334301119987373, -8.70930096890227, -9.084300817817166, -9.459300666732062, -9.834300515646959, -10.0], "Y": [0.0, -0.12825755374712575, -0.25421209359368946, -0.24927173483900977, -0.11638289322253845, -0.24242934042049907, -0.2374389466886799, -0.23244855295686073, -0.35600531313015793, -0.22044575849006282, -0.21551435144927106, -0.3391268078958415, -0.45990374943093393, -0.5777735782567007, -0.6926614285422626, -0.8044889426339237, -0.9131740264913362, -0.8891891733748797, -0.8652043202584232, -0.8412194671419667, -0.8172346140255102, -0.7932497609090537, -0.7692649077925974, -0.7452800546761409, -0.7212952015596844, -0.7212952015596844, -0.6973103484432279, -0.6973103484432279, -0.8027669038386095, -0.7742345629127451, -0.7457022219868807, -0.7171698810610163, -0.6886375401351519, -0.6601051992092875, -0.631572858283423, -0.6030405173575587, -0.26495622025411913, -0.12471876310957519, 0.009464583897932977, 0.13724844844526504, 0.2582512150374482, 0.4873957262751294, 0.22401927747067618, 0.4537410292806665, 0.18979283141229514, 0.3051332776272393, 0.527672095831606, 0.7340184280040251, 0.44747245866551716, 0.17594760074715549, -0.07834416250076176, -0.06985667424978093, 0.06634365435253242, 0.18602211830626048, 0.1568118034577392, 0.0014952259058068629, 0.001158604746064616, 0.0008219835863223692, 0.00048536242658012217, 0.0001487412668378748, -0.0]}, "1": {"X": [3.0901699437494745, 3.1032572550129123, 3.113897870468628, 3.1220466967317533, 2.8853261169099946, 2.8935229925531063, 2.656763702556652, 2.42209557270601, 2.3042208312807153, 2.071698255823264, 1.8414272717562885, 1.7290569478897406, 1.6166866240231927, 1.5043163001566449, 1.391945976290097, 1.279575652423549, 1.1672053285570012, 1.1839756120001685, 1.1972774351875413, 1.2070192613477089, 1.2131049637127225, 1.2154334741020516, 1.213898394663569, 1.2083875678022353, 1.1987825984987026, 1.4290740950455942, 1.4044000168862265, 1.6224333120351826, 1.456913116088298, 1.2913929201414132, 1.1258727241945286, 0.9603525282476437, 0.7948323323007589, 0.6293121363538743, 0.4637919404069897, 0.29827174446010507, 0.1327515485132205, -0.03276864743366409, -0.19828884338054872, -0.36380903932743336, -0.529329235274318, -0.6948494312212026, -0.8603696271680872, -1.0258898231149718, -1.1914100190618564, -1.356930215008741, -1.5224504109556256, -1.6879706069025102, -1.8534908028493948, -2.0190109987962797, -2.1845311947431645, -2.2249816502179858, -2.415356133733258, -2.60573061724853, -2.674123257077187, -2.927654076417253, -3.0901699437494745],