{"0": {"longitude": 41.157547580628076, "deviation": 1.1575475806280764, "turns": [1.0471975511965974, 0.6981317007977319, 1.0471975511965974, 0.34906585039886573, 0.698131700797732, 0.34906585039886606, 0.3490658503988644, 0.3490658503988666, 0.06909010531664496], "turns_sum": 4.956012010900767, "max_turn": 1.0471975511965974, "m1": 27.43836505375205, "m2": 0, "m3": 9, "m4": 4.956012010900767}, "1": {"longitude": 10.090461068821138, "deviation": 0.09046106882113847, "turns": [0.34906585039886556, 0.6981317007977307, 0.3490658503988652, 0.34906585039886556, 0.6981317007977317, 0.34906585039886606], "turns_sum": 2.7925268031909245, "max_turn": 0.6981317007977317, "m1": 6.726974045880759, "m2": 0, "m3": 6, "m4": 2.7925268031909245}, "2": {"longitude": 20.785347092818917, "deviation": 5.261172396558893, "turns": [1.0471975511965976, 0.7057090775797914, 0.6981317007977325, 0.715078029613637, 0.6981317007977321, 0.7159028118272773, 0.6981317007977317, 1.0471975511965979, 0.9212984132297377], "turns_sum": 7.2467785370368345, "max_turn": 1.0471975511965979, "m1": 13.856898061879278, "m2": 0, "m3": 9, "m4": 7.2467785370368345}, "3": {"longitude": 17.267257362317956, "deviation": 1.7430826660579317, "turns": [0.7139502151313527, 0.6981317007977323, 0.71466671218714, 0.6981317007977335, 0.7154510816705, 0.6981317007977317, 0.34906585039886506, 0.7137974543933813], "turns_sum": 5.301326416174437, "max_turn": 0.7154510816705, "m1": 11.51150490821197, "m2": 0, "m3": 8, "m4": 5.301326416174437}, "4": {"longitude": 22.406741956419815, "deviation": 0.8660827278817997, "turns": [0.3490658503988672, 1.0471975511965985, 0.7036265181867147, 0.6981317007977317, 1.0471975511965983, 0.3490658503988642, 0.7048032043701247, 0.698131700797737, 1.0471975511966014, 1.0471975511966014, 1.0471975511966014, 1.0471975511965979, 1.047197551196599, 1.047197551196599, 0.7183872239573067, 0.6981317007977316, 0.7139057762152708], "turns_sum": 14.010829935493144, "max_turn": 1.0471975511966014, "m1": 14.937827970946543, "m2": 0, "m3": 17, "m4": 14.010829935493144}, "5": {"longitude": 29.994785396495832, "deviation": 8.454126167957817, "turns": [0.35511900905912447, 0.6981317007977338, 0.7100928501887779, 0.3490658503988651, 0.35566830599179416, 0.6981317007977328, 0.7109774218367766, 0.3490658503988655, 0.35617622879411587, 0.34906585039886656, 0.3641907822785407, 0.3490658503988653, 0.3652171492064111, 0.6981317007977328, 0.7139673326027041, 0.698131700797732, 0.34906585039886523, 1.0471975511965976, 0.45766803167295206], "turns_sum": 9.974130718013054, "max_turn": 1.0471975511965976, "m1": 19.996523597663888, "m2": 0, "m3": 19, "m4": 9.974130718013054}, "waypoints": {"0": {"X": [0.0, 0.28726666616961677, 0.6396513989643324, 0.992036131759048, 1.2793027979286649, 1.6316875307233805, 1.984072263518096, 2.2713389296877127, 2.5586055958573293, 2.845872262026946, 3.1331389281965625, 3.420405594366179, 3.7076722605357957, 3.9949389267054123, 4.282205592875029, 4.569472259044646, 4.921856991839362, 5.296856991839362, 5.671856991839362, 6.046856991839362, 6.421856991839362, 6.796856991839362, 7.170962327312761, 7.54506766278616, 7.919172998259559, 8.293278333732959, 8.667383669206357, 9.041489004679756, 9.415594340153154, 9.789699675626553, 10.163805011099951, 10.53791034657335, 10.912015682046748, 11.286121017520147, 11.660226352993545, 12.034331688466944, 12.408437023940342, 12.78254235941374, 13.15664769488714, 13.530753030360538, 13.904858365833936, 14.278963701307335, 14.653069036780733, 15.027174372254132, 15.40127970772753, 15.775385043200929, 16.14949037867433, 16.523595714147728, 16.897701049621126, 17.271806385094525, 17.645911720567923, 18.020017056041322, 18.39412239151472, 18.76822772698812, 19.142333062461518, 19.516438397934916, 19.890543733408315, 20.264649068881713, 20.63875440435511, 21.01285973982851, 21.38696507530191, 21.761070410775307, 22.135175746248706, 22.509281081722104, 22.883386417195503, 23.2574917526689, 23.6315970881423, 24.0057024236157, 24.379807759089097, 24.753913094562495, 25.128018430035894, 25.502123765509292, 25.87622910098269, 26.25033443645609, 26.624439771929488, 26.998545107402887, 27.372650442876285, 27.746755778349684, 28.120861113823082, 28.49496644929648, 28.86907178476988, 29.243177120243278, 29.617282455716676, 29.991387791190075, 30.365493126663473, 30.739598462136872, 31.11370379761027, 31.48780913308367, 31.861914468557067, 32.23601980403047, 32.61012513950387, 32.984230474977274, 33.358335810450676, 33.73244114592408, 34.10654648139748, 34.48065181687088, 34.854757152344284, 35.228862487817686, 35.60296782329109, 35.97707315876449, 36.35117849423789, 36.725283829711294, 37.0993891651847, 37.4734945006581, 37.8475998361315, 38.2217051716049, 40.0], "Y": [0.0, 0.24104535363245227, 0.11278779988532656, 0.2410453536324524, 2.7755575615628914e-16, -0.12825755374712544, 4.163336342344337e-16, 0.24104535363245275, 0.4820907072649051, 0.7231360608973574, 0.9641814145298098, 1.2052267681622622, 1.4462721217947145, 1.687317475427167, 1.9283628290596193, 2.1694081826920715, 2.2976657364391975, 2.2976657364391975, 2.2976657364391975, 2.2976657364391975, 2.2976657364391975, 2.2976657364391975, 2.271777554379895, 2.2458893723205926, 2.22000119026129, 2.1941130082019877, 2.1682248261426853, 2.142336644083383, 2.1164484620240804, 2.090560279964778, 2.0646720979054756, 2.038783915846173, 2.0128957337868707, 1.9870075517275683, 1.9611193696682658, 1.9352311876089634, 1.909343005549661, 1.8834548234903585, 1.8575666414310559, 1.8316784593717532, 1.8057902773124508, 1.7799020952531481, 1.7540139131938457, 1.7281257311345433, 1.7022375490752408, 1.6763493670159384, 1.650461184956636, 1.6245730028973333, 1.5986848208380309, 1.5727966387787284, 1.546908456719426, 1.5210202746601236, 1.495132092600821, 1.4692439105415183, 1.4433557284822158, 1.4174675464229134, 1.391579364363611, 1.3656911823043085, 1.3398030002450059, 1.3139148181857032, 1.2880266361264008, 1.2621384540670983, 1.236250272007796, 1.2103620899484935, 1.1844739078891908, 1.1585857258298882, 1.1326975437705857, 1.1068093617112833, 1.0809211796519809, 1.0550329975926782, 1.0291448155333756, 1.0032566334740731, 0.9773684514147706, 0.951480269355468, 0.9255920872961655, 0.8997039052368629, 0.8738157231775604, 0.8479275411182579, 0.8220393590589553, 0.7961511769996528, 0.7702629949403502, 0.7443748128810477, 0.7184866308217451, 0.6925984487624426, 0.66671026670314, 0.6408220846438375, 0.614933902584535, 0.5890457205252324, 0.5631575384659299, 0.5372693564066273, 0.5113811743473248, 0.48549299228802223, 0.4596048102287197, 0.43371662816941714, 0.4078284461101146, 0.381940264050812, 0.3560520819915094, 0.3301638999322068, 0.30427571787290414, 0.2783875358136015, 0.2524993537542988, 0.22661117169499614, 0.20072298963569343, 0.1748348075763907, 0.14894662551708793, 0.12305844345778513, 0.0]}, "1": {"X": [10.0, 9.625, 9.272615267205284, 8.920230534410567, 8.545230534410567, 8.192845801615851, 7.840461068821136, 7.465461068821136, 7.090461068821136, 6.715461068821136, 6.340461068821136, 5.965461068821136, 5.590461068821136, 5.215461068821136, 4.840461068821136, 4.465461068821136, 4.090461068821136, 3.715461068821136, 3.340461068821136, 2.965461068821136, 2.590461068821136, 2.215461068821136, 1.8404610688211358, 0.0], "Y": [0.0, 0.0, 0.12825755374712586, 1.1102230246251565e-16, 1.0635500566308441e-16, 0.12825755374712597, 2.220446049250313e-16, 2.1142447351745243e-16, 2.0080434210987356e-16, 1.9018421070229468e-16, 1.795640792947158e-16, 1.6894394788713693e-16, 1.5832381647955806e-16, 1.4770368507197919e-16, 1.370835536644003e-16, 1.2646342225682144e-16, 1.1584329084924256e-16, 1.052231594416637e-16, 9.460302803408484e-17, 8.398289662650597e-17, 7.336276521892711e-17, 6.274263381134825e-17, 5.212250240376938e-17, 0.0]},