{"0": {"longitude": 23.027309981160133, "deviation": 0.39989298319061106, "turns": [0.34906585039886473, 0.3888050817960384, 0.3490658503988661, 0.37517415543147925], "turns_sum": 1.4621109380252486, "max_turn": 0.3888050817960384, "m1": 15.35153998744009, "m2": 0, "m3": 4, "m4": 1.4621109380252486}, "1": {"longitude": 24.825036014674982, "deviation": 6.936492194676664, "turns": [0.3490658503988654, 0.3490658503988654, 0.34906585039886556, 0.3490658503988659, 0.6981317007977315, 0.27832112879956855], "turns_sum": 2.3727162311927623, "max_turn": 0.6981317007977315, "m1": 16.55002400978332, "m2": 0, "m3": 6, "m4": 2.3727162311927623}, "2": {"longitude": 16.515599574390073, "deviation": 0.02317707191943086, "turns": [0.3490658503988662, 0.357826365544838], "turns_sum": 0.7068922159437041, "max_turn": 0.357826365544838, "m1": 11.010399716260048, "m2": 0, "m3": 2, "m4": 0.7068922159437041}, "3": {"longitude": 20.625745255632104, "deviation": 0.6257452556321041, "turns": [0.6981317007977315, 1.0471975511965979, 1.047197551196598, 0.4776271226708167], "turns_sum": 3.2701539258617442, "max_turn": 1.047197551196598, "m1": 13.75049683708807, "m2": 0, "m3": 4, "m4": 3.2701539258617442}, "4": {"longitude": 17.911671982372024, "deviation": 0.023128162373705408, "turns": [0.349065850398866, 0.3570637019009827], "turns_sum": 0.7061295522998488, "max_turn": 0.3570637019009827, "m1": 11.941114654914683, "m2": 0, "m3": 2, "m4": 0.7061295522998488}, "waypoints": {"0": {"X": [-8.0, -7.626426988215595, -7.25285397643119, -6.879280964646785, -6.539415544508041, -6.284994530941365, -5.951693723671094, -5.618392916400824, -5.285092109130553, -4.951791301860283, -4.7046487652906, -4.457506228720918, -4.210363692151236, -3.9632211555815533, -3.7160786190118706, -3.468936082442188, -3.2217935458725053, -2.9746510093028227, -2.72750847273314, -2.4803659361634574, -2.2332233995937747, -1.986080863024092, -1.7389383264544094, -1.4917957898847267, -1.244653253315044, -0.9975107167453614, -0.7503681801756787, -0.5032256436059961, -0.2560831070363135, -0.008940570466630882, 0.23820196610305172, 0.4853445026727343, 0.732487039242417, 0.9796295758120996, 1.2267721123817823, 1.473914648951465, 1.7210571855211476, 1.9681997220908303, 2.2153422586605127, 2.4624847952301954, 2.709627331799878, 2.9567698683695607, 3.2039124049392433, 3.451054941508926, 3.6981974780786087, 3.9453400146482913, 4.1924825512179735, 4.439625087787656, 4.686767624357338, 4.93391016092702, 5.181052697496703, 5.4281952340663855, 5.675337770636068, 5.92248030720575, 6.169622843775432, 6.416765380345115, 6.6639079169147974, 6.91105045348448, 8.0], "Y": [-8.0, -7.967316596469628, -7.9346331929392555, -7.901949789408883, -7.743467941256121, -7.467977564190597, -7.296118401289733, -7.124259238388869, -6.952400075488005, -6.780540912587141, -6.498502676495113, -6.216464440403084, -5.934426204311055, -5.652387968219027, -5.370349732126998, -5.08831149603497, -4.806273259942941, -4.5242350238509115, -4.242196787758883, -3.960158551666854, -3.6781203155748248, -3.3960820794827957, -3.1140438433907667, -2.8320056072987376, -2.5499673712067086, -2.2679291351146795, -1.9858908990226505, -1.7038526629306214, -1.4218144268385924, -1.1397761907465633, -0.8577379546545343, -0.5756997185625052, -0.2936614824704762, -0.011623246378447194, 0.2704149897135818, 0.5524532258056107, 0.8344914618976398, 1.1165296979896688, 1.3985679340816979, 1.680606170173727, 1.962644406265756, 2.244682642357785, 2.526720878449814, 2.808759114541843, 3.090797350633872, 3.372835586725901, 3.65487382281793, 3.936912058909959, 4.218950295001988, 4.500988531094016, 4.783026767186045, 5.0650650032780735, 5.347103239370102, 5.629141475462131, 5.911179711554159, 6.193217947646188, 6.475256183738217, 6.757294419830246, 8.0]}, "1": {"X": [-4.0, -4.087127959908055, -4.17425591981611, -4.261383879724165, -4.34851183963222, -4.305637639802366, -4.392765599710421, -4.479893559618476, -4.567021519526531, -4.654149479434586, -4.741277439342641, -4.828405399250696, -4.915533359158751, -5.002661319066806, -5.089789278974861, -5.176917238882916, -5.264045198790971, -5.351173158699026, -5.438301118607081, -5.525429078515136, -5.612557038423191, -5.699684998331246, -5.786812958239301, -5.873940918147356, -5.961068878055411, -6.048196837963466, -6.135324797871521, -6.222452757779576, -6.309580717687631, -6.396708677595686, -6.483836637503741, -6.570964597411796, -6.528090397581941, -6.485216197752087, -6.442341997922233, -6.399467798092378, -6.356593598262524, -6.18888849995004, -6.021183401637556, -5.853478303325072, -5.6857732050125875, -5.341706127814532, -4.997639050616476, -4.625837259579504, -4.254035468542533, -3.8822336775055613, -3.5104318864685897, -3.138630095431618, -2.7668283043946467, -2.395026513357675, -2.0232247223207036, -1.651422931283732, -1.2796211402467605, -0.907819349209789, -0.5360175581728175, -0.1642157671358459, 0.20758602390112568, 0.5793878149380972, 0.9511896059750687, 1.3229913970120402, 1.6947931880490117, 2.066594979085983, 2.4383967701229547, 4.0], "Y": [-8.0, -7.635262123433471, -7.270524246866943, -6.905786370300414, -6.541048493733886, -6.168507485267771, -5.803769608701242, -5.439031732134714, -5.074293855568185, -4.709555979001657, -4.344818102435128, -3.9800802258685994, -3.615342349302071, -3.2506044727355423, -2.8858665961690138, -2.521128719602485, -2.1563908430359566, -1.7916529664694278, -1.426915089902899, -1.0621772133363703, -0.6974393367698415, -0.33270146020331276, 0.03203641636321597, 0.3967742929297447, 0.7615121694962734, 1.1262500460628022, 1.490987922629331, 1.8557257991958598, 2.2204636757623883, 2.585201552328917, 2.9499394288954455, 3.314677305461974, 3.6872183139280885, 4.0597593223942035, 4.432300330860318, 4.804841339326433, 5.177382347792548, 5.5127925444175165, 5.848202741042485, 6.183612937667453, 6.519023134292421, 6.668163492305895, 6.817303850319368, 6.866175398092076, 6.915046945864784, 6.963918493637492, 7.0127900414102005, 7.061661589182909, 7.110533136955617, 7.159404684728325, 7.208276232501033, 7.257147780273741, 7.30601932804645, 7.354890875819158, 7.403762423591866, 7.452633971364574, 7.501505519137282, 7.5503770669099906, 7.599248614682699, 7.648120162455408, 7.696991710228116, 7.745863258000825, 7.794734805773533, 8.0]}, "2": {"X": [0.0, -0.09095085938862486, -0.18190171877724973, -0.2728525781658746, -0.3638034375544995, -0.32484118512136617, -0.4189756192049445, -0.5131100532885229, -0.6072444873721012, -0.7013789214556796, -0.795513355539258, -0.8896477896228363, -0.9837822237064147, -1.077916657789993, -1.1720510918735714, -1.2661855259571497, -1.360319960040728, -1.4544543941243064, -1.5485888282078848, -1.6427232622914631, -1.7368576963750415, -1.8309921304586199, -1.9251265645421982, -2.0192609986257763, -2.1133954327093547, -2.207529866792933, -2.3016643008765114, -2.3957987349600898, -2.489933169043668, -2.5840676031272465, -2.678202037210825, -2.772336471294403, -2.8664709053779815, -2.96060533946156, -3.0547397735451383, -3.1488742076287166, -3.243008641712295, -3.3371430757958733, -3.4312775098794517, -3.52541194396303, -3.6195463780466084, -4.0], "Y": [-8.0, -7.636196562445501, -7.272393124891002, -6.9085896873365025, -6.544786249782003, -6.171815818131803, -5.808823107020733, -5.445830395909663, -5.082837684798593, -4.719844973687524, -4.356852262576454, -3.993859551465384, -3.6308668403543143, -3.2678741292432445, -2.9048814181321747, -2.541888707021105, -2.178895995910035, -1.8159032847989656, -1.452910573687896, -1.0899178625768262, -0.7269251514657566, -0.36393244035468697, -0.0009397292436173488, 0.3620529818674523, 0.7250456929785218, 1.0880384040895916, 1.4510311152006614, 1.8140238263117312, 2.177016537422801, 2.540009248533871, 2.9030019596449406, 3.2659946707560104, 3.6289873818670797, 3.9919800929781495, 4.354972804089219, 4.717965515200289, 5.080958226311359, 5.443950937422429, 5.806943648533498, 6.169936359644568, 6.532929070755638, 8.0]},