{"0": {"longitude": 20.46436678204215, "deviation": 0.46436678204214843, "turns": [0.3490658503988661, 0.3490658503988661, 0.34906585039886673, 0.3490658503988662, 0.4656086449068665, 0.34906585039886584, 0.39870534744084013], "turns_sum": 2.609643244342038, "max_turn": 0.4656086449068665, "m1": 13.6429111880281, "m2": 0, "m3": 7, "m4": 2.609643244342038}, "1": {"longitude": 20.49557916834398, "deviation": 0.49557916834397986, "turns": [0.349065850398866, 0.349065850398866, 0.349065850398866, 0.34906585039886584, 0.4452435436886128, 0.3490658503988659, 0.35825027947248084, 0.34906585039886345, 0.3490658503988648, 0.059845391025155445, 0.34906585039886634, 0.3618976304641855], "turns_sum": 4.017763647841359, "max_turn": 0.4452435436886128, "m1": 13.663719445562654, "m2": 0, "m3": 12, "m4": 4.017763647841359}, "2": {"longitude": 20.52987866783627, "deviation": 0.5298786678362717, "turns": [0.36937535197384724, 0.34906585039886645, 0.371030999526054, 0.34906585039886595, 0.349065850398866, 0.34906585039886595, 0.4245083650938494, 0.3490658503988649, 0.42885581978140963], "turns_sum": 3.3390997883694897, "max_turn": 0.42885581978140963, "m1": 13.686585778557514, "m2": 0, "m3": 9, "m4": 3.3390997883694897}, "3": {"longitude": 20.4482660609134, "deviation": 0.4482660609134008, "turns": [0.3490658503988669, 0.3490658503988653, 0.3490658503988657, 0.34906585039886556, 0.08991309409948402, 0.3490658503988656, 0.34906585039886584, 0.07461396646019537], "turns_sum": 2.2589221629528744, "max_turn": 0.3490658503988669, "m1": 13.632177373942268, "m2": 0, "m3": 8, "m4": 2.2589221629528744}, "4": {"longitude": 20.461179380605056, "deviation": 0.46117938060505637, "turns": [0.3490658503988661, 0.34906585039886606, 0.3490658503988661, 0.014413825230662654, 0.3490658503988649, 0.35657946700469917, 0.34906585039886673, 0.3490658503988667, 0.3490658503988659, 0.34906585039886556, 0.15513034215281868], "turns_sum": 3.318650437579109, "max_turn": 0.35657946700469917, "m1": 13.640786253736705, "m2": 0, "m3": 11, "m4": 3.318650437579109}, "waypoints": {"0": {"X": [10.0, 9.647615267205284, 9.295230534410567, 8.942845801615851, 8.590461068821135, 8.238076336026419, 7.885691603231702, 7.533306870436986, 7.18092213764227, 6.828537404847554, 6.453537404847554, 6.078537404847554, 5.703537404847554, 5.328537404847554, 4.953537404847554, 4.578537404847554, 4.226152672052837, 3.8511526720528373, 3.498767939258121, 3.1463832064634047, 2.7739269921218486, 2.4014707777802924, 2.0290145634387367, 1.6565583490971807, 1.2916503129114016, 0.9267422767256225, 0.5618342405398433, 0.1969262043540641, -0.17290759758380653, -0.5427413995216772, -0.9125752014595478, -1.2824090033974185, -1.652242805335289, -2.02207660727316, -2.3919104092110306, -2.7617442111489012, -3.131578013086772, -3.5014118150246425, -3.871245616962513, -4.241079418900384, -4.610913220838254, -4.980747022776125, -5.350580824713996, -5.720414626651866, -6.090248428589737, -6.4600822305276075, -6.829916032465478, -7.199749834403349, -7.5695836363412194, -7.93941743827909, -8.30925124021696, -10.0], "Y": [0.0, -0.12825755374712575, -0.2565151074942513, -0.38477266124137677, -0.513030214988502, -0.6412877687356271, -0.769545322482752, -0.8978028762298768, -1.0260604299770013, -1.1543179837241258, -1.1543179837241242, -1.1543179837241226, -1.154317983724121, -1.1543179837241195, -1.154317983724118, -1.1543179837241164, -1.2825755374712409, -1.282575537471239, -1.4108330912183633, -1.5390906449654873, -1.4954859617496112, -1.4518812785337352, -1.408276595317859, -1.364671912101983, -1.451084440863952, -1.5374969696259209, -1.6239094983878897, -1.7103220271498583, -1.6482901083968495, -1.5862581896438406, -1.5242262708908318, -1.4621943521378231, -1.4001624333848142, -1.3381305146318052, -1.2760985958787965, -1.2140666771257878, -1.1520347583727788, -1.0900028396197698, -1.027970920866761, -0.965939002113752, -0.9039070833607432, -0.8418751646077344, -0.7798432458547255, -0.7178113271017167, -0.6557794083487078, -0.593747489595699, -0.5317155708426902, -0.4696836520896813, -0.4076517333366725, -0.34561981458366364, -0.28358789583065486, -0.0]}, "1": {"X": [3.0901699437494745, 3.1032572550129123, 2.987375882122307, 2.8714945092317015, 2.8845818204951392, 2.768700447604534, 2.6528190747139284, 2.665906385977366, 2.678993697240804, 2.6920810085042417, 2.7051683197676795, 2.7182556310311172, 2.731342942294555, 2.7444302535579927, 2.7575175648214305, 2.7706048760848683, 2.6210104996564407, 2.5980482076676803, 2.445301936119164, 2.4189029629526257, 2.3925039897860874, 2.366105016619549, 2.3397060434530106, 2.313307070286472, 2.1605607987379556, 2.007814527189439, 1.8550682556409224, 1.6821117235296275, 1.633387026343851, 1.4561752976433455, 1.2789635689428402, 1.101751840242335, 0.9245401115418296, 0.7473283828413242, 0.5701166541408188, 0.3929049254403134, 0.21569319673980805, 0.03848146803930266, -0.13873026066120273, -0.31594198936170814, -0.49315371806221353, -0.6703654467627189, -0.8475771754632243, -1.0247889041637297, -1.2020006328642352, -1.3792123615647407, -1.5564240902652462, -1.7336358189657517, -1.9108475476662572, -2.0880592763667627, -2.265271005067268, -3.0901699437494745], "Y": [9.510565162951535, 9.135793602819374, 8.779147409208692, 8.42250121559801, 8.047729655465849, 7.6910834618551664, 7.334437268244484, 6.959665708112323, 6.584894147980162, 6.210122587848001, 5.83535102771584, 5.4605794675836785, 5.0858079074515175, 4.711036347319356, 4.336264787187195, 3.9614932270550343, 3.617623306095102, 3.2433269887920555, 2.900845490710733, 2.526775852520526, 2.152706214330319, 1.778636576140112, 1.4045669379499048, 1.0304972997596977, 0.6880158016783753, 0.3455343035970529, 0.0030528055157305056, -0.32967987697884293, -0.7015009413151099, -1.0319869519282348, -1.3624729625413596, -1.6929589731544845, -2.023444983767609, -2.353930994380734, -2.6844170049938585, -3.0149030156069836, -3.3453890262201087, -3.675875036833234, -4.006361047446359, -4.336847058059484, -4.667333068672609, -4.997819079285734, -5.328305089898859, -5.658791100511984, -5.9892771111251095, -6.319763121738235, -6.65024913235136, -6.980735142964485, -7.31122115357761, -7.641707164190735, -7.97219317480386, -9.510565162951535]}, "2": {"X": [-8.090169943749473, -7.729696807772603, -7.369223671795734, -7.008750535818864, -6.709908031345732, -6.3516083632243845, -5.993308695103037, -5.63500902698169, -5.341214087986667, -4.98543138904538, -4.629648690104093, -4.273865991162807, -3.91808329222152, -3.5623005932802334, -3.2685056542852102, -2.974710715290187, -2.6189280163489004, -2.2631453174076137, -1.907362618466327, -1.631968117659601, -1.356573616852875, -1.081179116046149, -0.805784615239423, -0.530390114432697, -0.18455132892890153, 0.16128745657489396, 0.5071262420786895, 0.8529650275824849, 1.1988038130862804, 1.5446425985900758, 1.7988739399544993, 2.053105281318923, 2.307336622683346, 2.5615679640477698, 2.8157993054121935, 3.070030646776617, 3.324261988141041, 3.5784933295054646, 3.8327246708698883, 4.086956012234312, 4.341187353598736, 4.5954186949631595, 4.849650036327583, 5.103881377692007, 5.358112719056431, 5.612344060420854, 5.866575401785278, 6.120806743149702, 6.375038084514125, 6.629269425878547, 6.883500767242971, 8.090169943749473],