{"0": {"longitude": 24.869715381716865, "deviation": 4.8697153817168655, "turns": [0.698131700797731, 0.6981317007977309, 0.6981317007977309, 0.6981317007977309, 0.6981317007977317, 0.6981317007977325, 0.6981317007977325, 0.6981317007977325, 0.6981317007977325, 0.6981317007977325, 0.3490658503988661, 0.6981317007977316, 0.34906585039886595, 0.3490658503988661, 0.34906585039886645, 0.3490658503988661, 0.15997444717794995], "max_turn": 0.6981317007977325, "m1: tiempo de vuelo": 16.57981025447791, "m2": 0, "m3: cant de giros": 17, "m4: suma de angulos": 9.584752407947331, "angles_rate": 0.5638089651733724}, "1": {"longitude": 20.631356271813058, "deviation": 0.6313562718130576, "turns": [0.6981317007977307, 0.6981317007977301, 0.698131700797732, 0.698131700797732, 0.698131700797732, 0.6981317007977332, 0.6981317007977323, 0.6981317007977321, 0.6981317007977323, 0.6981317007977321, 0.3490658503988654, 0.8178576603860812], "max_turn": 0.8178576603860812, "m1: tiempo de vuelo": 13.754237514542039, "m2": 0, "m3: cant de giros": 12, "m4: suma de angulos": 8.148240518762265, "angles_rate": 0.6790200432301887}, "2": {"longitude": 24.705642021513903, "deviation": 4.705642021513903, "turns": [0.6981317007977315, 0.6981317007977311, 0.6981317007977307, 0.6981317007977309, 0.6981317007977307, 0.6981317007977317, 0.6981317007977317, 0.6981317007977317, 0.6981317007977317, 0.6981317007977317, 0.34906585039886473, 0.6981317007977316, 0.34906585039886484, 1.0471975511965987, 0.10309516699324536], "max_turn": 1.0471975511965987, "m1: tiempo de vuelo": 16.470428014342602, "m2": 0, "m3: cant de giros": 15, "m4: suma de angulos": 9.52787312776262, "angles_rate": 0.6351915418508413}, "3": {"longitude": 20.725969706819527, "deviation": 0.7259697068195266, "turns": [0.6981317007977306, 0.6981317007977306, 0.6981317007977306, 0.6981317007977306, 0.6981317007977312, 0.6981317007977321, 0.6981317007977321, 0.6981317007977321, 0.6981317007977321, 0.6981317007977321, 0.349065850398866, 0.8178576603860801, 0.6981317007977316, 0.755201738474243], "max_turn": 0.8178576603860801, "m1: tiempo de vuelo": 13.817313137879685, "m2": 0, "m3: cant de giros": 14, "m4: suma de angulos": 9.601573958034233, "angles_rate": 0.6858267112881595}, "4": {"longitude": 24.869715381716933, "deviation": 4.869715381716929, "turns": [0.6981317007977307, 0.6981317007977301, 0.698131700797732, 0.698131700797732, 0.6981317007977311, 0.6981317007977321, 0.6981317007977323, 0.6981317007977321, 0.6981317007977306, 0.6981317007977305, 0.34906585039886595, 0.6981317007977325, 0.34906585039886656, 0.34906585039886606, 0.34906585039886434, 0.3490658503988666, 0.15997444717795897], "max_turn": 0.6981317007977325, "m1: tiempo de vuelo": 16.579810254477955, "m2": 0, "m3: cant de giros": 17, "m4: suma de angulos": 9.584752407947335, "angles_rate": 0.5638089651733726}, "5": {"longitude": 20.631356271813058, "deviation": 0.6313562718130576, "turns": [0.6981317007977306, 0.6981317007977325, 0.698131700797732, 0.698131700797732, 0.698131700797732, 0.698131700797732, 0.698131700797732, 0.698131700797732, 0.698131700797732, 0.698131700797732, 0.34906585039886556, 0.8178576603860822], "max_turn": 0.8178576603860822, "m1: tiempo de vuelo": 13.754237514542039, "m2": 0, "m3: cant de giros": 12, "m4: suma de angulos": 8.148240518762266, "angles_rate": 0.6790200432301888}, "waypoints": {"0": {"X": [10.0, 9.647615267205284, 9.295230534410567, 8.942845801615851, 8.590461068821135, 8.238076336026419, 7.885691603231703, 7.533306870436988, 7.1809221376422725, 6.828537404847557, 6.476152672052842, 6.123767939258126, 5.771383206463411, 5.418998473668696, 5.066613740873979, 4.714229008079263, 4.361844275284547, 4.0094595424898305, 3.6570748096951142, 3.304690076900398, 2.9523053441056817, 2.5773053441056817, 2.2900386779360637, 2.002772011766446, 1.7155053455968279, 1.42823867942721, 1.140972013257592, 0.853705347087974, 0.5664386809183559, 0.2791720147487379, -0.008094651420880172, -0.2953613175904982, -0.5826279837601163, -0.8698946499297343, -1.1571613160993524, -1.4444279822689703, -1.7316946484385882, -2.018961314608206, -2.306227980777824, -2.593494646947442, -2.9458793797421583, -3.2982641125368746, -3.650648845331591, -4.003033578126307, -4.378033578126307, -4.7304183109210225, -5.017684977090638, -5.262886804192221, -5.508088631293805, -5.753290458395388, -5.9984922854969716, -6.243694112598554, -6.488895939700138, -6.73409776680172, -6.979299593903303, -7.224501421004886, -7.46970324810647, -7.714905075208052, -7.960106902309635, -8.205308729411218, -8.450510556512802, -8.695712383614385, -8.940914210715968, -10.0], "Y": [0.0, -0.12825755374712575, 2.498001805406602e-16, -0.12825755374712536, 6.38378239159465e-16, -0.12825755374712497, 1.0269562977782698e-15, -0.12825755374712458, 1.4155343563970746e-15, -0.1282575537471242, 1.8041124150158794e-15, -0.1282575537471238, -0.2565151074942492, -0.3847726612413745, -0.5130302149884995, -0.6412877687356244, -0.7695453224827492, -0.8978028762298739, -1.0260604299769984, -1.1543179837241229, -1.282575537471247, -1.2825755374712453, -1.5236208911036961, -1.764666244736147, -2.0057115983685976, -2.246756952001048, -2.487802305633499, -2.7288476592659494, -2.9698930128984, -3.2109383665308506, -3.4519837201633012, -3.693029073795752, -3.9340744274282025, -4.175119781060653, -4.416165134693104, -4.657210488325555, -4.898255841958006, -5.139301195590457, -5.380346549222908, -5.621391902855359, -5.749649456602484, -5.877907010349608, -6.006164564096732, -6.134422117843856, -6.1344221178438545, -6.006164564096727, -5.765119210464273, -5.481392116259216, -5.197665022054159, -4.913937927849102, -4.630210833644045, -4.346483739438988, -4.062756645233931, -3.7790295510288745, -3.4953024568238176, -3.2115753626187606, -2.9278482684137033, -2.644121174208646, -2.360394080003589, -2.076666985798532, -1.7929398915934749, -1.5092127973884177, -1.2254857031833604, -0.0]}, "1": {"X": [5.000000000000001, 4.934881933374902, 4.647615267205285, 4.582497200580185, 4.295230534410568, 4.230112467785469, 3.942845801615852, 3.8777277349907533, 3.5904610688211367, 3.525343002196038, 3.2380763360264213, 3.1729582694013225, 3.1078402027762237, 3.042722136151125, 2.977604069526026, 2.9124860029009274, 2.8473679362758286, 2.78224986965073, 2.717131803025631, 2.6520137364005323, 2.5868956697754335, 2.6520137364005323, 2.427066651981859, 2.2021195675631864, 1.9771724831445134, 1.7522253987258405, 1.5272783143071675, 1.3023312298884946, 1.0773841454698216, 0.8524370610511487, 0.6274899766324757, 0.40254289221380274, 0.17759580779512982, -0.04735127662354319, -0.2722983610422161, -0.4972454454608891, -0.7221925298795621, -0.9471396142982351, -1.172086698716908, -1.397033783135581, -1.621980867554254, -1.846927951972927, -2.0718750363916, -2.296822120810273, -2.521769205228946, -2.746716289647619, -2.971663374066292, -3.1966104584849653, -3.421557542903638, -3.6465046273223107, -3.871451711740984, -4.096398796159657, -5.000000000000001],