{"0": {"longitude": 21.955975731150424, "deviation": 1.9559757311504242, "turns": [1.57062179387, 0.7853108969348488, 0.3926554484674249, 1.1779663454022726, 1.177966345402273, 0.7853108969348485, 0.3926554484674241, 1.57062179387, 1.5706217938712723, 0.39265544846742495, 0.3926554484674237, 0.39265544846742423, 1.1779663454022733, 1.1779663454022733, 0.7853108969348485, 0.39265544846742384, 0.392655448467425, 0.41844914794443955], "max_turn": 1.5706217938712723, "m1: tiempo de vuelo": 14.637317154100282, "m2": 0, "m3: cant de giros": 18, "m4: suma de angulos": 14.946700741241322, "angles_rate": 0.8303722634022956}, "1": {"longitude": 12.241569569590704, "deviation": 2.2414445703719448, "turns": [0.3926554484674249, 0.7853108969348476, 1.1779663454022726, 0.39265544846742484, 0.39265544846742495, 1.1779663454022735, 0.3926554484674251, 1.177966345402273, 1.57062179387, 0.3926554484674242, 0.39265544846742473, 0.7853108969348485, 0.3926554484674243, 0.392655448467424, 0.8847490286070486], "max_turn": 1.57062179387, "m1: tiempo de vuelo": 8.161046379727136, "m2": 0, "m3: cant de giros": 15, "m4: suma de angulos": 10.701135240292963, "angles_rate": 0.7134090160195309}, "2": {"longitude": 17.459668396168667, "deviation": 1.285537816752658, "turns": [0.4655817716128912, 0.3926554484674235, 0.39265544846742345, 0.7853108969348486, 1.1779663454022735, 0.7853108969348497, 0.7853108969348477, 0.39265544846742423, 0.39265544846742456, 0.39265544846742506, 0.12910434394627637], "max_turn": 1.1779663454022735, "m1: tiempo de vuelo": 11.63977893077911, "m2": 0, "m3: cant de giros": 11, "m4: suma de angulos": 6.091862394103108, "angles_rate": 0.5538056721911917}, "3": {"longitude": 19.318103952783652, "deviation": 3.1903328730590914, "turns": [1.1779663454022749, 1.1779663454022742, 1.177966345402274, 1.57062179387, 0.39265544846742345, 1.1779663454022735, 1.5706217938687277, 1.57062179387, 0.3926554484674239, 0.2022509227379112, 0.39265544846742473, 0.5461317460398631], "max_turn": 1.57062179387, "m1: tiempo de vuelo": 12.878735968522435, "m2": 0, "m3: cant de giros": 12, "m4: suma de angulos": 11.35007977739787, "angles_rate": 0.9458399814498225}, "4": {"longitude": 24.70668624045904, "deviation": 1.3142729404166502, "turns": [0.785310896934848, 0.7853108969348481, 0.785310896934848, 0.7853108969348476, 0.7853108969348488, 0.39265544846742484, 0.7853108969348469, 1.1779663454022729, 1.1779663454022729, 1.5706217938680918, 1.5706217938680918, 1.5706217938680918, 1.5706217938680918, 0.39265544846742373, 0.39265544846742645, 0.3926554484674237, 0.3263805498813174, 0.3926554484674244, 0.40331883816641], "max_turn": 1.5706217938680918, "m1: tiempo de vuelo": 16.471124160306026, "m2": 0, "m3: cant de giros": 19, "m4: suma de angulos": 16.043261878270854, "angles_rate": 0.8443822041195187}, "5": {"longitude": 24.785976970275815, "deviation": 1.43640523972795, "turns": [0.7853108969348446, 0.7853108969348446, 0.7853108969348446, 0.7853108969348446, 0.7853108969348446, 1.1779663454022695, 0.39265544846742323, 1.177966345402269, 1.1779663454022677, 0.392655448467425, 0.39265544846742445, 0.592210161512653, 0.392655448467424, 0.40325637206435094], "max_turn": 1.1779663454022695, "m1: tiempo de vuelo": 16.523984646850543, "m2": 0, "m3: cant de giros": 14, "m4: suma de angulos": 10.026541848327732, "angles_rate": 0.716181560594838}, "waypoints": {"0": {"X": [0.0, 0.2651881819505552, 0.5303763639011106, 0.9053763639011106, 1.25183744990606, 1.5982985359110096, 1.8634867178615653, 2.209947803866515, 2.5564088898714648, 2.8215970718220205, 3.0867852537725753, 3.351973435723131, 3.6171616176736867, 3.8823497996242424, 4.147537981574798, 4.4939990675797485, 4.840460153584699, 5.186921239589649, 5.5333823255946, 5.87984341159955, 6.2263044976045006, 6.6013044976045006, 6.9763044976045006, 7.32276558360945, 7.6692266696144, 8.015687755619348, 8.362148841624297, 8.708609927629245, 9.055071013634194, 9.32025919558475, 9.666720281589699, 10.01318136759465, 10.3596424535996, 10.7346424535996, 11.1096424535996, 11.456103539604548, 11.802564625609497, 12.149025711614446, 12.495486797619394, 12.841947883624343, 13.188408969629291, 13.53487005563424, 13.881331141639189, 14.227792227644137, 14.574253313649086, 14.920714399654035, 15.29558966002031, 15.670464920386586, 16.04534018075286, 16.420215441119133, 16.795090701485407, 17.16996596185168, 17.544841222217954, 17.919716482584228, 18.2945917429505, 20.0], "Y": [0.0, -0.26514190192000814, -1.6653345369377348e-16, -4.579669976578771e-16, -0.14349117005680578, -0.2869823401136111, -0.021840438193603373, -0.16533160825040882, -0.021840438193604567, 0.24330146372640307, -0.021840438193605566, 0.2433014637264019, 0.5084433656464094, 0.7735852675664168, 1.0387271694864242, 1.1822183395432282, 1.3257095096000322, 1.4692006796568362, 1.6126918497136402, 1.7561830197704442, 1.8996741898272482, 1.8996741898272473, 1.8996741898272462, 1.7561830197704402, 1.6126918497136342, 1.4692006796568282, 1.3257095096000222, 1.1822183395432162, 1.0387271694864102, 1.3038690714064174, 1.1603779013496114, 1.303869071406415, 1.4473602414632185, 1.4473602414632172, 1.4473602414632158, 1.3038690714064096, 1.1603779013496034, 1.0168867312927972, 0.8733955612359909, 0.7299043911791847, 0.5864132211223785, 0.4429220510655722, 0.2994308810087659, 0.15593971095195963, 0.012448540895153348, -0.13104262916165293, -0.12137106438043452, -0.1116994995992161, -0.10202793481799768, -0.09235637003677927, -0.08268480525556085, -0.07301324047434243, -0.06334167569312403, -0.05367011091190563, -0.04399854613068724, 0.0]}, "1": {"X": [10.0, 9.65426069155968, 9.279265378971791, 9.012754818872816, 8.667015510432496, 8.321276201992175, 7.946280889404286, 7.600541580963966, 7.334031020864991, 6.986856818660162, 6.722997644438271, 6.456487084339296, 6.18997652424032, 5.842802322035491, 5.495628119830663, 5.148453917625834, 4.773458605037945, 4.5095994308160545, 4.245740256594164, 3.981881082372274, 3.7180219081503836, 3.4541627339284933, 3.190303559706603, 2.9264443854847126, 2.5807050770443922, 2.234965768604072, 1.8599704560161832, 1.4849751434282945, 1.1099798308404059, 0.0], "Y": [0.0, 0.145221660227422, 0.14709663679036125, -0.11671602658221222, 0.028505633645209777, 0.17372729387263178, 0.17560227043557103, 0.32082393066299303, 0.05701126729041972, -0.08474582538377654, 0.18171868666040134, -0.08209397671217175, -0.3459066400847447, -0.48766373275894037, -0.6294208254331358, -0.7711779181073312, -0.7693029415443906, -0.5028384295002122, -0.23637391745603376, 0.03009059458814467, 0.2965551066323231, 0.5630196186765015, 0.82948413072068, 1.0959486427648584, 1.2411703029922816, 1.3863919632197048, 1.3882669397826455, 1.3901419163455861, 1.3920168929085268, 0.05]}, "2": {"X": [15.0, 14.625016142961243, 14.250032285922487, 13.87504842888373, 13.500064571844973, 13.125080714806217, 12.75009685776746, 12.375113000728703, 12.038480126127983, 11.664239433234632, 11.289998740341282, 10.953365865740562, 10.616732991139841, 10.28010011653912, 9.9434672419384, 9.60683436733768, 9.270201492736959, 8.933568618136238, 8.596935743535518, 8.260302868934797, 7.923669994334077, 7.587037119733356, 7.250404245132636, 6.913771370531915, 6.558885115068236, 6.203998859604557, 5.849112604140878, 5.4942263486771985, 5.139340093213519, 4.891553099071491, 4.5173124061781404, 4.269525412036111, 4.021738417894081, 3.900512353356937, 3.779286288819793, 3.5314992946777632, 3.2837123005357336, 3.035925306393704, 2.699292431792983, 2.362659557192262, 2.0501018925480974, 1.7375442279039326, 1.4249865632597678, 0.0],