{"0": {"longitude": 20.89692730421487, "deviation": 0.89692730421487, "turns": [0.785310896934847, 0.785310896934847, 0.785310896934847, 0.785310896934847, 0.785310896934848, 0.7853108969348488, 0.7853108969348489, 0.7853108969348488, 0.7853108969348489, 0.7853108969348488, 0.7853108969348489, 0.7853108969348488, 0.7853108969348489, 0.7853108969348488, 0.3926554484674244, 0.39265544846742434, 0.3926554484674243, 0.17945306670597322], "max_turn": 0.7853108969348489, "m1: tiempo de vuelo": 13.93128486947658, "m2": 0, "m3: cant de giros": 18, "m4: suma de angulos": 12.351771969196124, "angles_rate": 0.6862095538442291}, "1": {"longitude": 20.95157446986123, "deviation": 0.9515744698612316, "turns": [0.7853108969348481, 0.7853108969348481, 0.7853108969348481, 0.7853108969348481, 0.7853108969348481, 0.7853108969348481, 0.7853108969348481, 0.7853108969348481, 0.7853108969348481, 0.7853108969348481, 0.7853108969348481, 0.7853108969348481, 0.7853108969348481, 0.7853108969348481, 0.3926554484674244, 0.1934814518834088], "max_turn": 0.7853108969348481, "m1: tiempo de vuelo": 13.967716313240821, "m2": 0, "m3: cant de giros": 16, "m4: suma de angulos": 11.58048945743871, "angles_rate": 0.7237805910899193}, "2": {"longitude": 20.829462636826744, "deviation": 0.8294626368267437, "turns": [0.39265544846742484, 0.7853108969348486, 0.7853108969348488, 0.7853108969348486, 0.7853108969348488, 0.7853108969348476, 0.7853108969348481, 0.7853108969348481, 0.7853108969348481, 0.7853108969348481, 0.7853108969348481, 0.7853108969348485, 0.39265544846742484, 0.39265544846742473, 0.5601346455826486], "max_turn": 0.7853108969348488, "m1: tiempo de vuelo": 13.886308424551162, "m2": 0, "m3: cant de giros": 15, "m4: suma de angulos": 10.376520857268254, "angles_rate": 0.6917680571512169}, "3": {"longitude": 20.891129004546105, "deviation": 0.8911290045461051, "turns": [0.7853108969348486, 0.7853108969348488, 0.7853108969348486, 0.7853108969348488, 0.7853108969348486, 0.7853108969348488, 0.7853108969348486, 0.7853108969348488, 0.7853108969348476, 0.7853108969348476, 0.7853108969348476, 0.7853108969348476, 0.7853108969348476, 0.7853108969348476, 0.39265544846742456, 0.39265544846742434, 0.3926554484674241, 0.1727703660492572], "max_turn": 0.7853108969348488, "m1: tiempo de vuelo": 13.92741933636407, "m2": 0, "m3: cant de giros": 18, "m4: suma de angulos": 12.345089268539404, "angles_rate": 0.6858382926966335}, "4": {"longitude": 20.938576206124228, "deviation": 0.9385762061242282, "turns": [0.7853108969348481, 0.7853108969348481, 0.7853108969348481, 0.7853108969348481, 0.7853108969348481, 0.7853108969348481, 0.7853108969348481, 0.7853108969348481, 0.7853108969348481, 0.7853108969348481, 0.7853108969348486, 0.7853108969348481, 0.7853108969348481, 0.7853108969348481, 0.39265544846742456, 0.179666158248274], "max_turn": 0.7853108969348486, "m1: tiempo de vuelo": 13.95905080408282, "m2": 0, "m3: cant de giros": 16, "m4: suma de angulos": 11.566674163803574, "angles_rate": 0.7229171352377234}, "waypoints": {"0": {"X": [10.0, 9.65353891399505, 9.3070778279901, 8.960616741985149, 8.614155655980198, 8.267694569975248, 7.9212334839702985, 7.574772397965349, 7.228311311960399, 6.88185022595545, 6.5353891399505, 6.188928053945551, 5.842466967940601, 5.496005881935652, 5.149544795930702, 4.803083709925753, 4.456622623920803, 4.110161537915854, 3.7637004519109043, 3.417239365905955, 3.0707782799010053, 2.7243171938960558, 2.3778561078911062, 2.0313950218861567, 1.6849339358812072, 1.3099339358812072, 0.9349339358812072, 0.5599339358812072, 0.2134728498762576, -0.13298823612869204, -0.507988236128692, -0.8769662847034487, -1.2459443332782054, -1.614922381852962, -1.983900430427719, -2.3528784790024755, -2.7218565275772324, -3.0908345761519893, -3.459812624726746, -3.828790673301503, -4.19776872187626, -4.566746770451017, -4.935724819025774, -5.304702867600531, -5.673680916175288, -6.042658964750045, -6.4116370133248015, -6.780615061899558, -7.149593110474315, -7.518571159049072, -7.887549207623829, -8.256527256198586, -10.0], "Y": [0.0, -0.14349117005680492, -8.326672684688674e-17, -0.143491170056805, -1.6653345369377348e-16, -0.1434911700568051, -2.498001805406602e-16, -0.14349117005680517, -3.3306690738754696e-16, -0.14349117005680526, -4.163336342344337e-16, -0.14349117005680534, -4.996003610813204e-16, -0.14349117005680542, -5.828670879282072e-16, -0.1434911700568055, -0.28698234011361046, -0.43047351017041535, -0.5739646802272202, -0.7174558502840251, -0.86094702034083, -1.004438190397635, -1.1479293604544398, -1.2914205305112447, -1.4349117005680496, -1.4349117005680496, -1.4349117005680496, -1.4349117005680496, -1.5784028706248545, -1.7218940406816594, -1.7218940406816594, -1.6549597470052155, -1.5880254533287717, -1.5210911596523278, -1.454156865975884, -1.38722257229944, -1.3202882786229961, -1.2533539849465523, -1.1864196912701084, -1.1194853975936645, -1.0525511039172208, -0.9856168102407771, -0.9186825165643333, -0.8517482228878895, -0.7848139292114458, -0.717879635535002, -0.6509453418585582, -0.5840110481821145, -0.5170767545056707, -0.4501424608292269, -0.38320816715278305, -0.31627387347633923, -0.0]}, "1": {"X": [3.0901699437494745, 3.119575792597685, 2.876045216819215, 2.9054510656674255, 2.6619204898889555, 2.691326338737166, 2.447795762958696, 2.4772016118069065, 2.2336710360284364, 2.263076884876647, 2.019546309098177, 2.0489521579463874, 1.8054215821679174, 1.8348274310161279, 1.5912968552376578, 1.6207027040858684, 1.6501085529340789, 1.6795144017822894, 1.7089202506305, 1.7383260994787104, 1.767731948326921, 1.7971377971751314, 1.826543646023342, 1.8559494948715525, 1.885355343719763, 1.9147611925679735, 1.944167041416184, 1.9735728902643945, 1.8576915173737891, 1.7418101444831837, 1.6259287715925783, 1.443634956939361, 1.2613411422861436, 1.0790473276329262, 0.8967535129797088, 0.7144596983264915, 0.5321658836732741, 0.34987206902005674, 0.16757825436683935, -0.014715560286378077, -0.1970093749395955, -0.37930318959281295, -0.5615970042460303, -0.7438908188992478, -0.9261846335524653, -1.1084784482056826, -1.2907722628589, -1.4730660775121174, -1.6553598921653347, -1.8376537068185523, -2.01994752147177, -2.2022413361249873, -3.0901699437494745], "Y": [9.510565162951535, 9.136719879373533, 8.851557015976129, 8.477711732398127, 8.192548869000722, 7.818703585422721, 7.533540722025316, 7.159695438447315, 6.87453257504991, 6.500687291471909, 6.215524428074504, 5.841679144496503, 5.556516281099098, 5.182670997521097, 4.897508134123692, 4.523662850545691, 4.149817566967689, 3.775972283389688, 3.4021269998116868, 3.0282817162336855, 2.654436432655684, 2.280591149077683, 1.9067458654996816, 1.5329005819216803, 1.159055298343679, 0.7852100147656778, 0.41136473118767647, 0.03751944760967518, -0.3191267460010074, -0.6757729396116899, -1.0324191332223724, -1.3601293178965421, -1.6878395025707118, -2.0155496872448815, -2.3432598719190514, -2.6709700565932213, -2.998680241267391, -3.326390425941561, -3.654100610615731, -3.981810795289901, -4.309520979964071, -4.637231164638241, -4.964941349312411, -5.2926515339865805, -5.62036171866075, -5.94807190333492, -6.27578208800909, -6.60349227268326, -6.93120245735743, -7.2589126420316, -7.58662282670577, -7.91433301137994, -9.510565162951535]},