{"0": {"longitude": 29.305503988478243, "deviation": 3.810406420514319, "turns": [1.570621793870636, 1.1779663454022726, 1.1779663454022726, 1.1779663454022726, 1.1779663454022726, 1.1779663454022726, 1.1779663454022726, 1.570621793870636, 0.39265544846742534, 1.1779663454022726, 1.1779663454022726, 1.1779663454022726, 1.570621793870636, 0.3926554484674223, 1.1779663454022726, 1.177966345402272, 0.3926554484674249, 0.39265544846742484, 0.3926554484674243, 0.3926554484674239, 0.3926554484674243, 0.3926554484674243, 0.3926554484674249, 0.39265544846742445, 0.3926554484674239, 0.3926554484674244, 0.0382528999199941], "max_turn": 1.570621793870636, "m1: tiempo de vuelo": 19.537002658985497, "m2": 0, "m3: cant de giros": 27, "m4: suma de angulos": 22.41961346256598, "angles_rate": 0.8303560541691104}, "1": {"longitude": 22.310348157486082, "deviation": 2.5872652341700615, "turns": [1.177966345402273, 1.177966345402273, 1.177966345402273, 1.570621793870636, 1.570621793870636, 1.1779663454022722, 0.7853108969348492, 0.7853108969348489, 1.177966345402272, 1.1779663454022722, 0.3926554484674246, 0.1398240381746849, 0.39265544846742456, 0.39265544846742456, 1.5706217938687277, 1.177966345402273, 0.7853108969348488, 0.7853108969348486, 1.57062179387, 0.7853108969348483, 1.1779663454022729, 0.3926554484674259, 0.3926554484674239, 0.3926554484674248, 0.04390518254204886], "max_turn": 1.570621793870636, "m1: tiempo de vuelo": 14.873565438324055, "m2": 0, "m3: cant de giros": 25, "m4: suma de angulos": 22.172434334893705, "angles_rate": 0.8868973733957481}, "2": {"longitude": 20.090688975231373, "deviation": 2.4523075302121065, "turns": [0.4095894780001148, 0.392655448467424, 0.4014982713472623, 0.39265544846742445, 0.39265544846742423, 0.3926554484674244, 0.39265544846742423, 0.3926554484674247, 0.3926554484674241, 0.39265544846742406, 0.7853108969348483, 0.7853108969348483, 0.39265544846742406, 0.39265544846742395, 0.3926554484674239, 0.39265544846742395, 0.42682220469000653], "max_turn": 0.7853108969348483, "m1: tiempo de vuelo": 13.393792650154248, "m2": 0, "m3: cant de giros": 17, "m4: suma de angulos": 7.5203971295161685, "angles_rate": 0.4423763017362452}, "3": {"longitude": 25.02070298278477, "deviation": 2.676800011280438, "turns": [0.4059096071397123, 0.39265544846742445, 0.3995106408711497, 0.3926554484674236, 1.177966345402273, 1.177966345402273, 0.7853108969348481, 0.7853108969348481, 1.1779663454022726, 1.1779663454022722, 1.177966345402272, 1.1779663454022733, 0.3926554484674248, 0.39265544846742484, 0.39265544846742473, 0.3926554484674236, 0.39265544846742495, 0.392655448467424, 1.1779663454022729, 1.57062179387, 1.57062179387, 0.7853108969348489, 0.7853108969348481, 1.57062179387, 1.57062179387, 0.9816726398848482, 0.3926554484674236, 0.39265544846742173, 0.05200637435591806], "max_turn": 1.57062179387, "m1: tiempo de vuelo": 16.680468655189845, "m2": 0, "m3: cant de giros": 29, "m4: suma de angulos": 23.435148927961173, "angles_rate": 0.808108583722799}, "4": {"longitude": 22.88447142022536, "deviation": 3.4101293260749124, "turns": [0.785310896934847, 0.3926554484674229, 0.39265544846742295, 0.40152092734681166, 0.3926554484674249, 0.40266207665792336, 0.39265544846742506, 0.40348995142866684, 0.7853108969348476, 1.5706217938687277, 0.39265544846742423, 0.3926554484674243, 0.78531089693485, 0.78531089693485, 0.39265544846742423, 0.3926554484674258, 0.3926554484674242, 0.340372091273161], "max_turn": 1.5706217938687277, "m1: tiempo de vuelo": 15.25631428015024, "m2": 0, "m3: cant de giros": 18, "m4: suma de angulos": 9.793809464521505, "angles_rate": 0.5441005258067503}, "waypoints": {"0": {"X": [-9.5, -9.125575553721522, -9.10474162190367, -8.750865332510822, -8.73003140069297, -8.376155111300122, -8.022278821907273, -7.668402532514424, -7.647568600696573, -7.293692311303724, -7.272858379485873, -6.898433933207395, -6.544557643814546, -6.523723711996695, -6.169847422603846, -6.149013490785995, -5.7745890445075165, -5.420712755114667, -5.399878823296815, -5.379044891478963, -5.025168602086113, -4.6712923126932635, -4.317416023300414, -3.9635397339075644, -3.5891152876290855, -3.2146908413506066, -2.8402663950721276, -2.4658419487936487, -2.09141750251517, -1.7169930562366909, -1.3631167668438415, -1.0092404774509922, -0.6553641880581429, -0.3014878986652935, 0.052388390727555856, 0.40626468012040523, 0.7601409695132546, 1.114017258906104, 1.4678935482989532, 1.747359040870866, 2.026824533442779, 2.380700822835628, 2.7345771122284774, 3.01404260480039, 3.3679188941932394, 3.7423433404717183, 4.116767786750197, 4.470644076143047, 4.824520365535896, 5.1039858581078095, 5.266503798354283, 5.429021738600757, 5.591539678847231, 5.741014159929947, 5.890488641012664, 6.03996312209538, 6.189437603178097, 6.338912084260812, 6.488386565343529, 6.637861046426245, 6.7873355275089615, 6.936810008591678, 7.0862844896743935, 7.235758970757109, 7.3852334518398255, 7.534707932922542, 7.6841824140052575, 7.833656895087973, 7.9831313761706895, 8.132605857253406, 8.282080338336122, 8.431554819418839, 8.581029300501555, 8.730503781584272, 8.879978262666988, 9.5], "Y": [-8.0, -8.020768582740631, -7.646347766966442, -7.522264843864395, -7.147844028090206, -7.023761104988159, -6.899678181886112, -6.775595258784065, -6.401174443009876, -6.277091519907829, -5.90267070413364, -5.923439286874271, -5.799356363772224, -5.424935547998035, -5.300852624895988, -4.926431809121799, -4.94720039186243, -4.823117468760384, -4.448696652986195, -4.074275837212006, -3.950192914109959, -3.826109991007913, -3.7020270679058664, -3.57794414480382, -3.5987127275444517, -3.6194813102850834, -3.640249893025715, -3.6610184757663466, -3.6817870585069783, -3.70255564124761, -3.5784727181455636, -3.454389795043517, -3.330306871941471, -3.2062239488394244, -3.082141025737378, -2.9580581026353316, -2.8339751795332853, -2.709892256431239, -2.5858093333291925, -2.3357612610280083, -2.085713188726824, -1.9616302656247777, -1.8375473425227313, -1.5874992702215471, -1.4634163471195007, -1.4841849298601324, -1.504953512600764, -1.3808705894987177, -1.2567876663966713, -1.006739594095487, -0.6687855748886671, -0.33083155568184713, 0.007122463524972811, 0.3510445179283692, 0.6949665723317656, 1.038888626735162, 1.3828106811385585, 1.726732735541955, 2.0706547899453516, 2.414576844348748, 2.7584988987521446, 3.102420953155541, 3.4463430075589376, 3.790265061962334, 4.13418711636573, 4.478109170769127, 4.822031225172523, 5.16595327957592, 5.509875333979316, 5.853797388382713, 6.197719442786109, 6.541641497189506, 6.885563551592902, 7.229485605996299, 7.573407660399695, 9.0]}, "1": {"X": [-5.0, -4.948017205369462, -4.896034410738924, -4.533043788026377, -4.481060993395839, -4.1180703706832915, -4.212149502244465, -3.8491588795319176, -3.797176084901379, -3.4978333921808766, -3.445850597550338, -3.3938678029197997, -3.0308771802072525, -2.978894385576714, -2.9269115909461756, -2.874928796315637, -2.8229460016850987, -2.7709632070545602, -2.7189804124240218, -2.6669976177934833, -2.615014823162945, -2.5630320285324064, -2.511049233901868, -2.4590664392713295, -2.2689338918100566, -2.0788013443487836, -1.8886687968875107, -1.6985362494262377, -1.465211744053152, -1.2318872386800663, -0.9039862002116206, -0.5760851617431748, -0.2481841232747291, 0.0797169151937166, 0.4076179536621623, 0.735518992130608, 1.0634200305990538, 1.3913210690674995, 1.7638896297740323, 1.721320543117639, 2.049221581586085, 2.1524558045743163, 1.9705627442889497, 2.2984637827573953, 2.4016980057456268, 2.5049322287338582, 2.877500789440391, 3.2500693501469238, 3.5779703886153693, 3.905871427083815, 4.1391959324569, 4.242430155445131, 4.345664378433362, 4.432975930005315, 4.5202874815772685, 4.607599033149222, 5.0],