{"0": {"longitude": 20.952261161130863, "deviation": 0.9522611611308633, "turns": [0.785310896934847, 0.785310896934847, 0.785310896934847, 0.785310896934847, 0.785310896934848, 0.7853108969348488, 0.7853108969348489, 0.7853108969348488, 0.7853108969348489, 0.7853108969348488, 0.7853108969348489, 0.7853108969348488, 0.3926554484674244, 0.39265544846742495, 0.3926554484674249, 0.20856109602253786], "max_turn": 0.7853108969348489, "m1: tiempo de vuelo": 13.968174107420575, "m2": 0, "m3: cant de giros": 16, "m4: suma de angulos": 10.81025820464299, "angles_rate": 0.6756411377901869}, "1": {"longitude": 21.008109260851352, "deviation": 1.0081092608513522, "turns": [0.7853108969348477, 0.7853108969348476, 0.7853108969348491, 0.7853108969348491, 0.7853108969348491, 0.7853108969348491, 0.7853108969348491, 0.7853108969348491, 0.7853108969348491, 0.7853108969348491, 0.7853108969348491, 0.7853108969348491, 0.3926554484674248, 0.3926554484674249, 0.3926554484674248, 0.39265544846742434, 0.7853108969348485, 0.18530545834524012], "max_turn": 0.7853108969348491, "m1: tiempo de vuelo": 14.005406173900901, "m2": 0, "m3: cant de giros": 18, "m4: suma de angulos": 11.964968912367974, "angles_rate": 0.6647204951315541}, "2": {"longitude": 20.993659862058717, "deviation": 0.9936598620587169, "turns": [0.7853108969348497, 0.78531089693485, 0.7853108969348497, 0.78531089693485, 0.7853108969348497, 0.7853108969348507, 0.7853108969348495, 0.7853108969348495, 0.7853108969348495, 0.7853108969348495, 0.7853108969348495, 0.7853108969348495, 0.39265544846742395, 0.39265544846742395, 0.5992328073979724], "max_turn": 0.7853108969348507, "m1: tiempo de vuelo": 13.995773241372477, "m2": 0, "m3: cant de giros": 15, "m4: suma de angulos": 10.808274467551017, "angles_rate": 0.7205516311700678}, "3": {"longitude": 20.952261161130863, "deviation": 0.9522611611308633, "turns": [0.7853108969348469, 0.785310896934847, 0.7853108969348469, 0.785310896934847, 0.7853108969348477, 0.7853108969348486, 0.7853108969348485, 0.7853108969348486, 0.7853108969348485, 0.7853108969348486, 0.7853108969348485, 0.7853108969348486, 0.3926554484674244, 0.39265544846742434, 0.3926554484674243, 0.39265544846742373, 0.39265544846742384, 0.20856109602253786], "max_turn": 0.7853108969348486, "m1: tiempo de vuelo": 13.968174107420575, "m2": 0, "m3: cant de giros": 18, "m4: suma de angulos": 11.595569101577835, "angles_rate": 0.6441982834209908}, "4": {"longitude": 20.952261161130867, "deviation": 0.9522611611308633, "turns": [0.7853108969348491, 0.7853108969348491, 0.7853108969348491, 0.7853108969348491, 0.7853108969348483, 0.7853108969348481, 0.7853108969348483, 0.7853108969348481, 0.7853108969348483, 0.7853108969348481, 0.7853108969348483, 0.7853108969348481, 0.3926554484674237, 0.3926554484674234, 0.3926554484674241, 0.20856109602253745], "max_turn": 0.7853108969348491, "m1: tiempo de vuelo": 13.968174107420579, "m2": 0, "m3: cant de giros": 16, "m4: suma de angulos": 10.81025820464299, "angles_rate": 0.6756411377901869}, "5": {"longitude": 20.944434217556214, "deviation": 0.9444342175562142, "turns": [0.7853108969348491, 0.7853108969348491, 0.7853108969348491, 0.7853108969348491, 0.7853108969348491, 0.7853108969348483, 0.7853108969348481, 0.7853108969348483, 0.7853108969348481, 0.7853108969348483, 0.7853108969348481, 0.7853108969348483, 0.39265544846742473, 0.3926554484674248, 0.392655448467425, 0.39265544846742484, 0.3926554484674248, 0.20085009510990018], "max_turn": 0.7853108969348491, "m1: tiempo de vuelo": 13.962956145037476, "m2": 0, "m3: cant de giros": 18, "m4: suma de angulos": 11.587858100665207, "angles_rate": 0.6437698944814003}, "waypoints": {"0": {"X": [10.0, 9.65353891399505, 9.3070778279901, 8.960616741985149, 8.614155655980198, 8.267694569975248, 7.9212334839702985, 7.574772397965349, 7.228311311960399, 6.88185022595545, 6.5353891399505, 6.188928053945551, 5.842466967940601, 5.496005881935652, 5.149544795930702, 4.803083709925753, 4.456622623920803, 4.110161537915854, 3.7637004519109043, 3.417239365905955, 3.0707782799010053, 2.7243171938960558, 2.3778561078911062, 2.0313950218861567, 1.6849339358812072, 1.3384728498762577, 0.9634728498762577, 0.6170117638713081, 0.24201176387130807, -0.13298823612869193, -0.5079882361286919, -0.8748619320988441, -1.2417356280689964, -1.6086093240391486, -1.975483020009301, -2.342356715979453, -2.7092304119496053, -3.0761041079197575, -3.4429778038899097, -3.809851499860062, -4.1767251958302145, -4.543598891800366, -4.910472587770519, -5.2773462837406715, -5.644219979710824, -6.011093675680977, -6.377967371651129, -6.744841067621282, -7.111714763591435, -7.478588459561587, -7.84546215553174, -8.212335851501892, -10.0], "Y": [0.0, -0.14349117005680492, -8.326672684688674e-17, -0.143491170056805, -1.6653345369377348e-16, -0.1434911700568051, -2.498001805406602e-16, -0.14349117005680517, -3.3306690738754696e-16, -0.14349117005680526, -4.163336342344337e-16, -0.14349117005680534, -4.996003610813204e-16, -0.14349117005680542, -0.28698234011361035, -0.43047351017041524, -0.5739646802272201, -0.717455850284025, -0.8609470203408299, -1.004438190397635, -1.1479293604544398, -1.2914205305112447, -1.4349117005680496, -1.5784028706248545, -1.7218940406816594, -1.8653852107384643, -1.8653852107384643, -2.0088763807952694, -2.0088763807952694, -2.0088763807952694, -2.0088763807952694, -1.9312317338117182, -1.853587086828167, -1.7759424398446158, -1.6982977928610645, -1.6206531458775133, -1.543008498893962, -1.4653638519104109, -1.3877192049268596, -1.3100745579433084, -1.2324299109597572, -1.154785263976206, -1.0771406169926547, -0.9994959700091034, -0.9218513230255521, -0.8442066760420007, -0.7665620290584494, -0.688917382074898, -0.6112727350913467, -0.5336280881077954, -0.45598344112424405, -0.3783387941406927, -0.0]}, "1": {"X": [5.000000000000001, 4.951036455485472, 4.653538913995051, 4.604575369480522, 4.307077827990101, 4.258114283475572, 3.9606167419851506, 3.9116531974706215, 3.6141556559802, 3.565192111465671, 3.2676945699752498, 3.2187310254607207, 2.9212334839702994, 2.8722699394557702, 2.823306394941241, 2.774342850426712, 2.725379305912183, 2.676415761397654, 2.6274522168831247, 2.5784886723685956, 2.5295251278540665, 2.4805615833395374, 2.4315980388250082, 2.382634494310479, 2.33367094979595, 2.1461709497959496, 2.0972074052814205, 2.0482438607668914, 1.860743860766891, 1.8117803162523616, 1.5142827747619405, 1.263941650755854, 1.0136005267497676, 0.7632594027436813, 0.512918278737595, 0.2625771547315086, 0.012236030725422231, -0.23810509328066415, -0.48844621728675053, -0.738787341292837, -0.9891284652989234, -1.2394695893050098, -1.4898107133110963, -1.7401518373171827, -1.9904929613232691, -2.2408340853293556, -2.491175209335442, -2.7415163333415284, -2.991857457347615, -3.2421985813537013, -3.4925397053597877, -3.742880829365874, -3.993221953371961, -5.000000000000001], "Y": [8.660254037844386, 8.288464350912951, 8.060165834038322, 7.688376147106888, 7.460077630232259, 7.088287943300825, 6.859989426426196, 6.488199739494762, 6.259901222620133, 5.888111535688699, 5.65981301881407, 5.288023331882636, 5.059724815008007, 4.687935128076573, 4.316145441145139, 3.9443557542137047, 3.5725660672822706, 3.2007763803508364, 2.8289866934194023, 2.4571970064879682, 2.085407319556534, 1.7136176326251, 1.341827945693666, 0.9700382587622319, 0.5982485718307979, 0.27348904541163366, -0.09830064151980034, -0.47009032845123433, -0.7948498548703986, -1.1666395418018327, -1.3949380586764617, -1.6741410701777155, -1.9533440816789693, -2.232547093180223, -2.511750104681477, -2.790953116182731, -3.070156127683985, -3.349359139185239, -3.628562150686493, -3.907765162187747, -4.186968173689001, -4.466171185190255, -4.745374196691509, -5.024577208192763, -5.303780219694017, -5.582983231195271, -5.862186242696525, -6.1413892541977795, -6.4205922656990335, -6.699795277200288, -6.978998288701542, -7.258201300202796, -7.53740431170405, -8.660254037844386]},