{"0": {"longitude": 22.62741699796953, "deviation": 7.105427357601002e-15, "number_of_turns": 0, "max_turn": 0, "m1": 22.62741699796953, "m2": 0, "m3": 0, "m4": 0}, "1": {"longitude": 18.65500279889971, "deviation": 0.7664589789013903, "number_of_turns": 1.9355918160753678, "max_turn": 0.7030404106812711, "m1": 18.65500279889971, "m2": 0, "m3": 1.9355918160753678, "m4": 0}, "2": {"longitude": 16.492422502470635, "deviation": -7.105427357601002e-15, "number_of_turns": 0, "max_turn": 0, "m1": 16.492422502470635, "m2": 0, "m3": 0, "m4": 0}, "3": {"longitude": 20.198593740208107, "deviation": 0.19859374020810705, "number_of_turns": 1.1078899534971784, "max_turn": 0.7025097349483107, "m1": 20.198593740208107, "m2": 0, "m3": 1.1078899534971784, "m4": 0}, "4": {"longitude": 17.88854381999831, "deviation": -7.105427357601002e-15, "number_of_turns": 0, "max_turn": 0, "m1": 17.88854381999831, "m2": 0, "m3": 0, "m4": 0}, "waypoints": {"0": {"X": [-8.0, -7.8232233047033635, -7.646446609406727, -7.46966991411009, -7.292893218813454, -7.116116523516817, -6.939339828220181, -6.762563132923544, -6.585786437626908, -6.409009742330271, -6.232233047033635, -6.055456351736998, -5.878679656440362, -5.701902961143725, -5.5251262658470885, -5.348349570550452, -5.1715728752538155, -4.994796179957179, -4.818019484660542, -4.641242789363906, -4.464466094067269, -4.287689398770633, -4.110912703473996, -3.9341360081773593, -3.7573593128807223, -3.5805826175840854, -3.4038059222874484, -3.2270292269908114, -3.0502525316941744, -2.8734758363975375, -2.6966991411009005, -2.5199224458042635, -2.3431457505076265, -2.1663690552109895, -1.9895923599143526, -1.8128156646177156, -1.6360389693210786, -1.4592622740244416, -1.2824855787278047, -1.1057088834311677, -0.9289321881345308, -0.752155492837894, -0.5753787975412571, -0.3986021022446202, -0.22182540694798333, -0.04504871165134644, 0.13172798364529045, 0.30850467894192735, 0.4852813742385642, 0.6620580695352011, 0.8388347648318379, 1.015611460128475, 1.192388155425112, 1.3691648507217489, 1.5459415460183858, 1.7227182413150228, 1.8994949366116598, 2.0762716319082966, 2.2530483272049335, 2.4298250225015705, 2.6066017177982075, 2.7833784130948445, 2.9601551083914814, 3.1369318036881184, 3.3137084989847554, 3.4904851942813924, 3.6672618895780293, 3.8440385848746663, 4.020815280171303, 4.197591975467939, 4.374368670764576, 4.5511453660612124, 4.727922061357849, 4.9046987566544855, 5.081475451951122, 5.258252147247759, 5.435028842544395, 5.611805537841032, 5.788582233137668, 5.965358928434305, 6.142135623730941, 6.318912319027578, 6.495689014324214, 6.672465709620851, 6.849242404917487, 7.026019100214124, 7.20279579551076, 7.379572490807397, 7.5563491861040335, 7.73312588140067, 7.909902576697307, 8.0], "Y": [-8.0, -7.8232233047033635, -7.646446609406727, -7.46966991411009, -7.292893218813454, -7.116116523516817, -6.939339828220181, -6.762563132923544, -6.585786437626908, -6.409009742330271, -6.232233047033635, -6.055456351736998, -5.878679656440362, -5.701902961143725, -5.5251262658470885, -5.348349570550452, -5.1715728752538155, -4.994796179957179, -4.818019484660542, -4.641242789363906, -4.464466094067269, -4.287689398770633, -4.110912703473996, -3.9341360081773593, -3.7573593128807223, -3.5805826175840854, -3.4038059222874484, -3.2270292269908114, -3.0502525316941744, -2.8734758363975375, -2.6966991411009005, -2.5199224458042635, -2.3431457505076265, -2.1663690552109895, -1.9895923599143526, -1.8128156646177156, -1.6360389693210786, -1.4592622740244416, -1.2824855787278047, -1.1057088834311677, -0.9289321881345308, -0.752155492837894, -0.5753787975412571, -0.3986021022446202, -0.22182540694798333, -0.04504871165134644, 0.13172798364529045, 0.30850467894192735, 0.4852813742385642, 0.6620580695352011, 0.8388347648318379, 1.015611460128475, 1.192388155425112, 1.3691648507217489, 1.5459415460183858, 1.7227182413150228, 1.8994949366116598, 2.0762716319082966, 2.2530483272049335, 2.4298250225015705, 2.6066017177982075, 2.7833784130948445, 2.9601551083914814, 3.1369318036881184, 3.3137084989847554, 3.4904851942813924, 3.6672618895780293, 3.8440385848746663, 4.020815280171303, 4.197591975467939, 4.374368670764576, 4.5511453660612124, 4.727922061357849, 4.9046987566544855, 5.081475451951122, 5.258252147247759, 5.435028842544395, 5.611805537841032, 5.788582233137668, 5.965358928434305, 6.142135623730941, 6.318912319027578, 6.495689014324214, 6.672465709620851, 6.849242404917487, 7.026019100214124, 7.20279579551076, 7.379572490807397, 7.5563491861040335, 7.73312588140067, 7.909902576697307, 8.0]}, "1": {"X": [-4.0, -3.9714172001134305, -3.9416318185621115, -3.7584253933155174, -3.57606762888066, -3.394574885956268, -3.2139640272440593, -3.0342524396559756, -2.8554580578228643, -2.6775993890003633, -2.500695539476266, -2.324766242593077, -2.149831888509893, -1.9759135558393153, -1.7516939949267183, -1.5287010339228695, -1.3069782228714113, -1.0865704827121485, -0.8675241606667952, -0.6498870884550936, -0.4337086435179925, -0.21903981343763593, -0.06349126100245706, 0.09077437513013811, 0.24372688124795885, 0.39533485226328646, 0.545565622910924, 0.6943851936320617, 0.7638016999153163, 0.8332182061985709, 0.9026347124818255, 0.97205121876508, 1.0414677250483346, 1.1108842313315892, 1.1803007376148438, 1.2497172438980984, 1.319133750181353, 1.3885502564646075, 1.457966762747862, 1.5273832690311167, 1.5967997753143712, 1.6662162815976258, 1.7356327878808804, 1.805049294164135, 1.8744658004473895, 1.943882306730644, 2.0132988130138987, 2.082715319297153, 2.1521318255804074, 2.2215483318636617, 2.290964838146916, 2.360381344430171, 2.4297978507134252, 2.4992143569966796, 2.5686308632799344, 2.638047369563189, 2.7074638758464435, 2.776880382129698, 2.8462968884129523, 2.9157133946962066, 2.9851299009794614, 3.054546407262716, 3.123962913545971, 3.1933794198292254, 3.2627959261124797, 3.3322124323957345, 3.401628938678989, 3.471045444962243, 3.540461951245498, 3.6098784575287524, 3.6792949638120067, 3.7487114700952615, 3.8181279763785163, 3.8875444826617707, 3.956960988945025, 4.0], "Y": [-8.0, -7.751639327689257, -7.503420007236875, -7.333315904557475, -7.162302321031718, -6.9903709851275835, -6.81751347815945, -6.643721230672485, -6.46898551873896, -6.293297460167275, -6.116648010625093, -5.939027959678736, -5.7604279267518095, -5.58083835700711, -5.470268973793844, -5.357246235626977, -5.2417516683978675, -5.1237668046318445, -5.00327319982892, -4.880252450363154, -4.754686213083475, -4.6265562267729665, -4.4308404945608615, -4.2341119671211285, -4.036360782871127, -3.8375769225488776, -3.6377502087425975, -3.436870305889235, -3.196700889319542, -2.9565314727498486, -2.7163620561801554, -2.476192639610462, -2.236023223040769, -1.9958538064710756, -1.7556843899013823, -1.515514973331689, -1.2753455567619958, -1.0351761401923025, -0.7950067236226093, -0.5548373070529159, -0.3146678904832225, -0.07449847391352918, 0.16567094265616417, 0.4058403592258575, 0.6460097757955509, 0.8861791923652442, 1.1263486089349375, 1.3665180255046308, 1.606687442074324, 1.8468568586440173, 2.0870262752137108, 2.327195691783404, 2.5673651083530973, 2.8075345249227905, 3.047703941492484, 3.287873358062177, 3.5280427746318703, 3.7682121912015636, 4.008381607771257, 4.2485510243409506, 4.488720440910644, 4.728889857480337, 4.96905927405003, 5.209228690619724, 5.449398107189417, 5.68956752375911, 5.929736940328803, 6.169906356898497, 6.41007577346819, 6.650245190037883, 6.890414606607576, 7.13058402317727, 7.370753439746963, 7.610922856316656, 7.8510922728863495, 8.0]},