{"0": {"longitude": 40.322816172086775, "deviation": 0.3228161720867746, "number_of_turns": 1.7936882472873268, "max_turn": 0.7047785704553488, "m1": 26.88187744805785, "m2": 0, "m3": 1.7936882472873268, "m4": 0}, "1": {"longitude": 10.0, "deviation": 0.0, "number_of_turns": 0, "max_turn": 0, "m1": 6.666666666666667, "m2": 0, "m3": 0, "m4": 0}, "2": {"longitude": 16.31541102505271, "deviation": 0.7912363287926869, "number_of_turns": 2.286012915151722, "max_turn": 0.7448837277094907, "m1": 10.876940683368474, "m2": 0, "m3": 2.286012915151722, "m4": 0}, "3": {"longitude": 15.667144817344305, "deviation": 0.14297012108428042, "number_of_turns": 1.103945071592011, "max_turn": 0.36931766297189217, "m1": 10.44476321156287, "m2": 0, "m3": 1.103945071592011, "m4": 0}, "4": {"longitude": 22.0604384934053, "deviation": 0.5197792648672852, "number_of_turns": 1.569687099762397, "max_turn": 0.7109019174195801, "m1": 14.706958995603534, "m2": 0, "m3": 1.569687099762397, "m4": 0}, "5": {"longitude": 21.54065922853802, "deviation": 3.552713678800501e-15, "number_of_turns": 0, "max_turn": 0, "m1": 14.360439485692012, "m2": 0, "m3": 0, "m4": 0}, "waypoints": {"0": {"X": [0.0, 0.7047694655894313, 1.4078494475408232, 2.112588365347371, 2.8190483857077275, 3.5272287806688394, 4.23712806019309, 4.948743898102231, 5.698282855779242, 6.447821813456253, 7.197360771133264, 7.9468997288102745, 8.696438686487285, 9.445977644164296, 10.195516601841307, 10.945055559518318, 11.694594517195329, 12.44413347487234, 13.19367243254935, 13.943211390226361, 14.692750347903372, 15.442289305580383, 16.191828263257392, 16.941367220934403, 17.690906178611414, 18.440445136288425, 19.189984093965435, 19.939523051642446, 20.689062009319457, 21.438600966996468, 22.18813992467348, 22.93767888235049, 23.6872178400275, 24.43675679770451, 25.186295755381522, 25.935834713058533, 26.685373670735544, 27.434912628412555, 28.184451586089565, 28.933990543766576, 29.683529501443587, 30.433068459120598, 31.18260741679761, 31.93214637447462, 32.68168533215163, 33.43122428982864, 34.18076324750565, 34.93030220518266, 35.679841162859674, 36.429380120536685, 37.178919078213696, 37.928458035890706, 38.67799699356772, 39.42753595124473, 40.0], "Y": [0.0, 0.2565151074942516, -0.004595097168895168, 0.25200392412474837, 0.5038257651799773, 0.7507681232166731, 0.9927247576182756, 1.2295852634795754, 1.2032917105728198, 1.176998157666064, 1.1507046047593081, 1.1244110518525525, 1.098117498945797, 1.071823946039041, 1.0455303931322852, 1.0192368402255294, 0.9929432873187737, 0.966649734412018, 0.9403561815052622, 0.9140626285985065, 0.8877690756917508, 0.8614755227849951, 0.8351819698782393, 0.8088884169714836, 0.7825948640647279, 0.7563013111579722, 0.7300077582512164, 0.7037142053444607, 0.677420652437705, 0.6511270995309493, 0.6248335466241935, 0.5985399937174378, 0.5722464408106821, 0.5459528879039264, 0.5196593349971707, 0.49336578209041493, 0.4670722291836592, 0.4407786762769035, 0.41448512337014776, 0.38819157046339203, 0.3618980175566363, 0.3356044646498806, 0.30931091174312486, 0.28301735883636914, 0.2567238059296134, 0.2304302530228577, 0.20413670011610197, 0.17784314720934624, 0.15154959430259052, 0.12525604139583477, 0.09896248848907901, 0.07266893558232328, 0.04637538267556753, 0.020081829768811787, 0.0]}, "1": {"X": [10.0, 9.25, 8.5, 7.75, 7.0, 6.25, 5.5, 4.75, 4.0, 3.25, 2.5, 1.75, 1.0, 0.25, 0.0], "Y": [0.0, 0.0, 0.0, 0.0, 0.0, 0.0, 0.0, 0.0, 0.0, 0.0, 0.0, 0.0, 0.0, 0.0, 0.0]}, "2": {"X": [15.0, 14.275323795299066, 13.528256550776721, 12.80722347810312, 12.08619040542952, 11.666534501926613, 11.222258961670112, 10.752919894030876, 10.258117663898883, 9.512283277926382, 8.766448891953882, 8.020614505981381, 7.27478012000888, 6.528945734036379, 5.783111348063877, 5.037276962091376, 4.291442576118874, 3.545608190146373, 2.7997738041738716, 2.05393941820137, 1.3081050322288688, 0.5622706462563674, 0.0], "Y": [2.0, 1.8067530120797508, 1.8730141029385046, 1.6665890363626044, 1.4601639697867042, 0.8385620693269659, 0.23431109139660755, -0.35068535268449363, -0.9143082346334135, -0.9932453532850456, -1.0721824719366777, -1.1511195905883098, -1.230056709239942, -1.308993827891574, -1.3879309465432061, -1.4668680651948383, -1.5458051838464704, -1.6247423024981025, -1.7036794211497344, -1.7826165398013665, -1.8615536584529984, -1.9404907771046305, -2.0]}, "3": {"X": [15.0, 14.252932755477655, 13.531709578170418, 12.783607456619729, 12.03461997139087, 11.322070686710356, 10.609521402029843, 9.89697211734933, 9.184422832668817, 8.471873547988304, 7.759324263307791, 7.046774978627278, 6.334225693946765, 5.621676409266252, 4.909127124585739, 4.196577839905226, 3.4840285552247128, 2.7714792705441997, 2.0589299858636867, 1.3463807011831737, 0.6338314165026606, 0.0], "Y": [-2.0, -2.0662610908587538, -1.8605012101364606, -1.913823023040349, -1.9527812952113501, -1.7187438689280967, -1.4847064426448433, -1.25066901636159, -1.0166315900783365, -0.7825941637950831, -0.5485567375118298, -0.3145193112285764, -0.08048188494532305, 0.15355554133793028, 0.3875929676211836, 0.621630393904437, 0.8556678201876903, 1.0897052464709436, 1.323742672754197, 1.5577800990374504, 1.7918175253207038, 2.0]}, "4": {"X": [20.0, 19.303642481836057, 18.554013141321274, 18.001347852015698, 17.442021649783747, 16.875887423551973, 16.302792073742594, 15.72257627421918, 15.135074259462867, 14.54011365449324, 13.937515372723993, 13.327093618055649, 12.708656043756351, 11.978857267273458, 11.249058490790565, 10.519259714307672, 9.78946093782478, 9.059662161341887, 8.329863384858994, 7.600064608376101, 6.870265831893208, 6.140467055410316, 5.410668278927423, 4.68086950244453, 3.951070725961637, 3.2212719494787443, 2.4914731729958515, 1.7616743965129587, 1.0318756200300658, 0.302076843547173, 0.0], "Y": [4.0, 3.721456992734422, 3.6978804824037823, 3.1908685713042653, 2.6912144914682425, 2.1992876291310153, 1.7154883732129567, 1.2402519836304597, 0.7740531176330492, 0.31741115883581317, -0.12910346669033013, -0.5648617499479406, -0.9891670253037865, -1.162065104657123, -1.3349631840104597, -1.5078612633637962, -1.6807593427171328, -1.8536574220704694, -2.0265555014238057, -2.199453580777142, -2.3723516601304784, -2.5452497394838147, -2.718147818837151, -2.8910458981904874, -3.063943977543824, -3.236842056897161, -3.4097401362504973, -3.582638215603834, -3.7555362949571705, -3.9284343743105072, -4.0]}, "5": {"X": [20.0, 19.303642481836057, 18.607284963672114, 17.91092744550817, 17.21456992734423, 16.518212409180286, 15.821854891016342, 15.125497372852397, 14.429139854688453, 13.732782336524508, 13.036424818360564, 12.340067300196619, 11.643709782032674, 10.94735226386873, 10.250994745704785, 9.55463722754084, 8.858279709376896, 8.161922191212952, 7.465564673049007, 6.769207154885063, 6.072849636721118, 5.376492118557174, 4.680134600393229, 3.9837770822292846, 3.28741956406534, 2.5910620459013955, 1.894704527737451, 1.1983470095735065, 0.501989491409562, 0.0], "Y": [-4.0, -3.721456992734422, -3.442913985468844, -3.1643709782032663, -2.8858279709376884, -2.607284963672111, -2.3287419564065335, -2.050198949140956, -1.7716559418753783, -1.4931129346098007, -1.214569927344223, -0.9360269200786453, -0.6574839128130676, -0.37894090554748994, -0.10039789828191226, 0.17814510898366542, 0.4566881162492431, 0.7352311235148208, 1.0137741307803985, 1.2923171380459761, 1.5708601453115538, 1.8494031525771315, 2.1279461598427094, 2.406489167108287, 2.6850321743738643, 2.9635751816394422, 3.24211818890502, 3.5206611961705976, 3.799204203436175, 4.0]}}, "total_time": 194.00492477416992, "min_cost": 0.34729635533386044}