{"0": {"longitude": 22.69122891423183, "deviation": 0.06381191626230631, "number_of_turns": 2, "m1": 22.69122891423183, "m2": 0, "m3": 2, "m4": 0}, "1": {"longitude": 21.411322609087037, "deviation": 3.5227787890887186, "number_of_turns": 14, "m1": 21.411322609087037, "m2": 0, "m3": 14, "m4": 0}, "2": {"longitude": 18.255998622074195, "deviation": 1.7635761196035524, "number_of_turns": 11, "m1": 18.255998622074195, "m2": 0, "m3": 11, "m4": 0}, "3": {"longitude": 20.000000000000004, "deviation": 3.552713678800501e-15, "number_of_turns": 0, "m1": 20.000000000000004, "m2": 0, "m3": 0, "m4": 0}, "4": {"longitude": 17.88854381999832, "deviation": 0.0, "number_of_turns": 0, "m1": 17.88854381999832, "m2": 0, "m3": 0, "m4": 0}, "total_time": 21.946757793426514, "min_cost": 0.3472963553338606}