{"0": {"longitude": 100.50454545645732, "deviation": 0.504545456457322, "turns": [0.3490658503988659, 0.3897908529384497], "turns_sum": 0.7388567033373156, "max_turn": 0.3897908529384497, "m1": 40.201818182582926, "m2": 0, "m3": 2, "m4": 0.7388567033373156}, "1": {"longitude": 100.51160390416774, "deviation": 0.5116039041677283, "turns": [0.34906585039886623, 0.3952915881927378], "turns_sum": 0.7443574385916041, "max_turn": 0.3952915881927378, "m1": 40.20464156166709, "m2": 0, "m3": 2, "m4": 0.7443574385916041}, "2": {"longitude": 100.50454545645732, "deviation": 0.504545456457322, "turns": [0.3490658503988649, 0.38979085293844856], "turns_sum": 0.7388567033373135, "max_turn": 0.38979085293844856, "m1": 40.201818182582926, "m2": 0, "m3": 2, "m4": 0.7388567033373135}, "3": {"longitude": 100.50454545645732, "deviation": 0.504545456457322, "turns": [0.34906585039886534, 0.3897908529384491], "turns_sum": 0.7388567033373145, "max_turn": 0.3897908529384491, "m1": 40.201818182582926, "m2": 0, "m3": 2, "m4": 0.7388567033373145}, "4": {"longitude": 100.50454545645732, "deviation": 0.5045454564573078, "turns": [0.3490658503988659, 0.3897908529384498], "turns_sum": 0.7388567033373157, "max_turn": 0.3897908529384498, "m1": 40.20181818258292, "m2": 0, "m3": 2, "m4": 0.7388567033373157}, "5": {"longitude": 100.50454545645732, "deviation": 0.5045454564573078, "turns": [0.349065850398866, 0.38979085293845], "turns_sum": 0.738856703337316, "max_turn": 0.38979085293845, "m1": 40.20181818258292, "m2": 0, "m3": 2, "m4": 0.738856703337316}, "waypoints": {"0": {"X": [50.0, 42.5, 35.0, 27.5, 20.0, 12.952305344105689, 5.458523956426414, -2.0352574312528597, -9.529038818932134, -17.02282020661141, -24.516601594290684, -32.010382981969954, -39.50416436964923, -50.0], "Y": [0.0, 0.0, 0.0, 0.0, 0.0, -2.5651510749425146, -2.2597979782303934, -1.954444881518272, -1.6490917848061506, -1.3437386880940292, -1.0383855913819078, -0.7330324946697864, -0.4276793979576651, -0.0]}, "1": {"X": [25.000000000000007, 21.250000000000007, 17.500000000000007, 13.750000000000005, 10.000000000000004, 6.250000000000002, 4.947638667498024, 0.9015064319030079, -3.1446258036920085, -7.190758039287024, -11.23689027488204, -15.283022510477057, -19.32915474607207, -25.000000000000007], "Y": [43.30127018922193, 36.80607966083864, 30.31088913245535, 23.81569860407206, 17.32050807568877, 10.825317547305481, 3.4392593997139205, -2.8757080532567505, -9.190675506227421, -15.505642959198092, -21.82061041216876, -28.13557786513943, -34.4505453181101, -43.30127018922193]}, "2": {"X": [-24.99999999999999, -21.249999999999993, -17.499999999999993, -13.749999999999995, -9.999999999999996, -4.254666676607668, -0.7722195216449759, 2.710227633317716, 6.192674788280408, 9.6751219432431, 13.157569098205792, 16.640016253168486, 20.12246340813118, 24.99999999999999], "Y": [43.30127018922194, 36.80607966083865, 30.310889132455358, 23.815698604072068, 17.320508075688778, 12.499601003039727, 5.857119402546411, -0.7853621979469043, -7.427843798440221, -14.070325398933537, -20.712806999426853, -27.35528859992017, -33.997770200413484, -43.30127018922194]}, "3": {"X": [-50.0, -42.5, -35.0, -27.5, -20.0, -12.952305344105685, -5.4585239564264105, 2.0352574312528633, 9.529038818932136, 17.02282020661141, 24.516601594290684, 32.010382981969954, 39.50416436964923, 50.0], "Y": [6.123233995736766e-15, 5.204748896376252e-15, 4.2862637970157365e-15, 3.3677786976552213e-15, 2.4492935982947065e-15, 2.5651510749425133, 2.259797978230391, 1.9544448815182693, 1.6490917848061475, 1.3437386880940254, 1.0383855913819033, 0.7330324946697815, 0.42767939795765963, -6.123233995736766e-15]}, "4": {"X": [-25.00000000000002, -21.250000000000018, -17.500000000000014, -13.75000000000001, -10.000000000000007, -8.697638667498026, -4.686304434781442, -0.6749702020648574, 3.336364030651726, 7.347698263368311, 11.359032496084893, 15.370366728801477, 19.38170096151806, 25.00000000000002], "Y": [-43.301270189221924, -36.806079660838634, -30.310889132455344, -23.815698604072054, -17.320508075688764, -9.934449928097203, -3.5973214243160108, 2.739807079465182, 9.076935583246375, 15.414064087027565, 21.751192590808756, 28.088321094589947, 34.42544959837114, 43.301270189221924]}, "5": {"X": [25.000000000000007, 21.250000000000007, 17.500000000000007, 13.750000000000005, 10.000000000000004, 4.254666676607667, 0.7722195216449728, -2.710227633317722, -6.192674788280417, -9.675121943243111, -13.157569098205805, -16.6400162531685, -20.122463408131196, -25.000000000000007], "Y": [-43.30127018922193, -36.80607966083864, -30.31088913245535, -23.81569860407206, -17.32050807568877, -12.499601003039729, -5.857119402546414, 0.7853621979469017, 7.427843798440217, 14.070325398933534, 20.71280699942685, 27.355288599920165, 33.99777020041348, 43.30127018922193]}}, "total_time": 49.01106786727905, "min_cost": 0.34729635533386083}