{"0": {"longitude": 41.212885799951444, "deviation": 1.2128857999514437, "turns": [0.26179938779914935, 0.5235987755982989, 0.10070523720405486], "turns_sum": 0.8861034006015032, "max_turn": 0.5235987755982989, "m1": 27.47525719996763, "m2": 0, "m3": 3, "m4": 0.8861034006015032}, "1": {"longitude": 10.0, "deviation": 0.0, "turns": [], "turns_sum": 0, "max_turn": 0, "m1": 6.666666666666667, "m2": 0, "m3": 0, "m4": 0}, "2": {"longitude": 15.524174696260024, "deviation": 0.0, "turns": [], "turns_sum": 0, "max_turn": 0, "m1": 10.349449797506683, "m2": 0, "m3": 0, "m4": 0}, "3": {"longitude": 21.545989782885737, "deviation": 6.021815086625713, "turns": [0.7853981633974482, 0.7853981633974481, 0.21718130646211772], "turns_sum": 1.7879776332570139, "max_turn": 0.7853981633974482, "m1": 14.363993188590491, "m2": 0, "m3": 3, "m4": 1.7879776332570139}, "4": {"longitude": 21.54065922853802, "deviation": 3.552713678800501e-15, "turns": [], "turns_sum": 0, "max_turn": 0, "m1": 14.360439485692012, "m2": 0, "m3": 0, "m4": 0}, "5": {"longitude": 30.588134631551775, "deviation": 9.04747540301376, "turns": [0.2617993877991488, 0.7853981633974487, 0.7853981633974481, 0.2692036445341056], "turns_sum": 2.101799359128151, "max_turn": 0.7853981633974487, "m1": 20.39208975436785, "m2": 0, "m3": 4, "m4": 2.101799359128151}, "waypoints": {"0": {"X": [0.0, 1.3258252147247767, 2.949622846820599, 4.573420478916422, 6.448420478916422, 8.323420478916422, 10.188920813179267, 12.054421147442113, 13.919921481704959, 15.785421815967805, 17.65092215023065, 19.516422484493493, 21.381922818756337, 23.24742315301918, 25.112923487282025, 26.97842382154487, 28.843924155807713, 30.709424490070557, 32.5749248243334, 34.44042515859625, 36.305925492859096, 40.0], "Y": [0.0, 1.3258252147247767, 2.2633252147247767, 3.2008252147247767, 3.2008252147247767, 3.200825214724776, 3.0123218915041714, 2.823818568283566, 2.6353152450629613, 2.4468119218423565, 2.2583085986217517, 2.069805275401147, 1.8813019521805419, 1.6927986289599368, 1.5042953057393318, 1.3157919825187268, 1.127288659298122, 0.938785336077517, 0.7502820128569122, 0.5617786896363074, 0.37327536641570247, 0.0]}, "1": {"X": [10.0, 8.125, 6.25, 4.375, 2.5, 0.0], "Y": [0.0, 0.0, 0.0, 0.0, 0.0, 0.0]}, "2": {"X": [15.0, 13.188309488247663, 11.376618976495326, 9.564928464742989, 7.753237952990652, 5.941547441238315, 4.129856929485978, 2.318166417733641, 0.0], "Y": [2.0, 1.516882530199377, 1.0337650603987538, 0.5506475905981307, 0.06753012079750742, -0.4155873490031159, -0.898704818803739, -1.3818222886043623, -2.0]}, "3": {"X": [15.0, 13.189471258126934, 11.378942516253868, 9.568413774380803, 7.757885032507737, 5.947356290634671, 4.136827548761605, 2.3262988068885395, 0.7013801545502423, 0.21392690053347574, 0.12805367940806794, 0.0], "Y": [-2.0, -2.487453254016767, -2.9749065080335337, -3.4623597620503004, -3.949813016067067, -4.437266270083834, -4.9247195241006, -5.412172778117366, -4.476617128632477, -2.6660883867594114, -0.7930558750571859, 2.0]}, "4": {"X": [20.0, 18.25910620459014, 16.51821240918028, 14.777318613770419, 13.036424818360558, 11.295531022950698, 9.554637227540837, 7.813743432130976, 6.072849636721115, 4.331955841311253, 2.591062045901392, 0.0], "Y": [4.0, 3.3036424818360555, 2.607284963672111, 1.9109274455081664, 1.2145699273442219, 0.5182124091802776, -0.17814510898366664, -0.874502627147611, -1.5708601453115554, -2.2672176634754995, -2.9635751816394436, -4.0]}, "5": {"X": [20.0, 18.14416298880238, 16.288325977604757, 14.432488966407135, 12.576651955209513, 10.720814944011892, 8.997418012728032, 7.274021081444171, 5.55062415016031, 3.8272272188764482, 2.0863334234665905, 1.3477347386306588, 1.094099439261137, 0.8404641398916151, 0.5868288405220933, 0.33319354115257144, 0.0], "Y": [-4.0, -4.267383596858671, -4.53476719371734, -4.802150790576009, -5.069534387434677, -5.336917984293344, -6.075516669129279, -6.814115353965212, -7.552714038801145, -8.291312723637077, -7.594955205473124, -5.871558274189263, -4.013792375343627, -2.156026476497991, -0.2982605776523555, 1.5595053211932806, 4.0]}}, "total_time": 28.57218885421753, "min_cost": 0}