{"0": {"longitude": 31.127846498239403, "deviation": 8.500429500269881, "turns": [0.26179938779915085, 0.26179938779914796, 0.2617993877991481, 0.26179938779914796, 0.2617993877991481, 0.26179938779914796, 0.2617993877991481, 0.26179938779914796, 0.2617993877991481, 0.2617993877991478, 0.2617993877991481, 0.7853981633974499, 0.5235987755982989, 0.2617993877991496, 0.26179938779914785, 0.2617993877991503, 0.5235987755982993, 0.2617993877991484, 0.27528121180767356], "turns_sum": 6.034867743388949, "max_turn": 0.7853981633974499, "m1": 20.751897665492937, "m2": 0, "m3": 19, "m4": 6.034867743388949}, "1": {"longitude": 23.777077765688666, "deviation": 5.888533945690348, "turns": [0.2617993877991497, 0.2617993877991503, 0.2617993877991503, 0.2617993877991503, 0.2617993877991503, 0.2617993877991503, 0.2617993877991503, 0.7853981633974473, 0.5235987755982993, 0.06706746494304064, 0.2617993877991488, 0.2817466464897924, 0.2617993877991497, 0.5235987755983001, 0.2617993877991503, 0.7599468653263775], "turns_sum": 5.5593505693447565, "max_turn": 0.7853981633974473, "m1": 15.851385177125778, "m2": 0, "m3": 16, "m4": 5.5593505693447565}, "2": {"longitude": 20.789468130836195, "deviation": 4.297045628365552, "turns": [0.2678164222247111, 0.2617993877991502, 0.28164645654589165, 0.2617993877991488, 0.2838374810118148, 0.2617993877991488, 0.27165155057598067, 0.5235987755982983, 0.2617993877991496, 0.26179938779914996, 0.5235987755982984, 0.5235987755982994, 0.7853981633974465, 0.06561888059492992], "turns_sum": 4.835762220141418, "max_turn": 0.7853981633974465, "m1": 13.859645420557463, "m2": 0, "m3": 14, "m4": 4.835762220141418}, "3": {"longitude": 33.75350029884657, "deviation": 13.753500298846568, "turns": [0.26179938779914763, 0.26179938779915063, 0.26179938779914946, 0.2617993877991483, 0.7853981633974484, 0.26179938779914885, 0.5235987755982984, 0.33061033774475906, 0.2617993877991489, 0.27600201954107245, 0.2617993877991489, 0.26179938779914935, 0.2617993877991496, 0.5235987755982981, 0.2617993877991473, 0.46362537598005454, 0.2617993877991477, 0.5235987755982989, 0.7853981633974492, 0.7853981633974465, 0.7853981633974514, 0.6457990691100235], "turns_sum": 9.308219048551235, "max_turn": 0.7853981633974514, "m1": 22.50233353256438, "m2": 0, "m3": 22, "m4": 9.308219048551235}, "4": {"longitude": 27.085636781474463, "deviation": 9.197092961476145, "turns": [0.2617993877991473, 0.5235987755983003, 0.5235987755982979, 0.5235987755982979, 0.04237285985036276, 0.2617993877991484, 0.27005923997117887, 0.7853981633974476, 0.26179938779915, 0.5235987755982989, 0.26179938779914963, 0.2617993877991492, 0.2617993877991498, 0.261799387799149, 0.5235987755982994, 0.26179938779914946, 0.7853981633974491, 0.7853981633974493, 0.5285009336555541], "turns_sum": 7.909516504054129, "max_turn": 0.7853981633974493, "m1": 18.057091187649643, "m2": 0, "m3": 19, "m4": 7.909516504054129}, "waypoints": {"0": {"X": [-8.0, -8.0, -8.097057141913446, -8.284557141913446, -8.472057141913446, -8.659557141913446, -8.756614283826892, -8.944114283826892, -9.131614283826892, -9.319114283826892, -9.506614283826892, -9.603671425740337, -9.700728567653783, -9.79778570956723, -9.98528570956723, -10.082342851480675, -10.17939999339412, -10.276457135307567, -10.463957135307567, -10.651457135307567, -10.748514277221012, -10.845571419134458, -11.033071419134458, -11.130128561047904, -11.22718570296135, -11.324242844874796, -11.136742844874796, -10.949242844874796, -10.761742844874796, -10.436983318455631, -10.112223792036467, -9.787464265617302, -9.462704739198138, -9.137945212778973, -8.813185686359809, -8.548020643414853, -8.282855600469897, -8.017690557524942, -7.752525514579986, -7.48736047163503, -7.222195428690075, -6.957030385745119, -6.691865342800163, -6.426700299855208, -6.101940773436043, -5.7397185885776425, -5.377496403719242, -5.015274218860841, -4.653052034002441, -4.29082984914404, -3.9286076642856393, -3.5663854794272387, -3.204163294568838, -2.829163294568838, -2.468282495555124, -2.1074016965414097, -1.7465208975276956, -1.3856400985139812, -1.0247592995002668, -0.6638785004865525, -0.3029977014728383, 0.05788309754087606, 0.4187638965545904, 0.7796446955683047, 1.1405254945820191, 1.5014062935957335, 1.862287092609448, 2.223167891623162, 2.5840486906368763, 2.9449294896505904, 3.3058102886643046, 3.6666910876780188, 4.027571886691733, 4.388452685705448, 4.749333484719163, 5.110214283732877, 5.471095082746592, 5.8319758817603065, 6.192856680774021, 6.553737479787736, 6.91461827880145, 7.275499077815165, 7.6363798768288795, 8.0], "Y": [-8.0, -7.625, -7.262777815141599, -6.938018288722435, -6.61325876230327, -6.288499235884106, -5.926277051025705, -5.601517524606541, -5.276757998187376, -4.951998471768212, -4.627238945349047, -4.265016760490647, -3.902794575632246, -3.5405723907738453, -3.215812864354681, -2.85359067949628, -2.4913684946378796, -2.129146309779479, -1.8043867833603144, -1.47962725694115, -1.1174050720827493, -0.7551828872243487, -0.43042336080518406, -0.06820117594678338, 0.2940210089116173, 0.6562431937700179, 0.9810027201891822, 1.3057622466083465, 1.6305217730275108, 1.8180217730275106, 2.0055217730275103, 2.19302177302751, 2.3805217730275094, 2.568021773027509, 2.7555217730275086, 3.020686815972464, 3.285851858917419, 3.5510169018623743, 3.8161819448073295, 4.081346987752284, 4.346512030697239, 4.611677073642194, 4.876842116587149, 5.1420071595321035, 5.3295071595321035, 5.4265643014455485, 5.523621443358993, 5.426564301445548, 5.329507159532102, 5.232450017618656, 5.13539287570521, 5.038335733791764, 4.941278591878318, 4.9412785918783175, 5.043210181207746, 5.145141770537174, 5.247073359866603, 5.349004949196031, 5.4509365385254585, 5.552868127854886, 5.654799717184314, 5.756731306513743, 5.858662895843171, 5.960594485172599, 6.062526074502027, 6.164457663831454, 6.266389253160883, 6.36832084249031, 6.470252431819738, 6.572184021149166, 6.6741156104785935, 6.776047199808022, 6.877978789137449, 6.979910378466878, 7.081841967796306, 7.1837735571257335, 7.285705146455162, 7.387636735784589, 7.489568325114018, 7.591499914443446, 7.6934315037728735, 7.795363093102302, 7.897294682431729, 8.0]}, "1": {"X": [-4.0, -4.022468222829706, -4.14105363508602, -4.347674836895334, -4.554296038704648, -4.760917240513963, -4.8795026527702765, -5.086123854579591, -5.292745056388905, -5.4993662581982194, -5.617951670454533, -5.736537082710847, -5.855122494967161, -5.973707907223475, -6.092293319479789, -6.210878731736103, -6.329464143992417, -6.448049556248731, -6.654670758058045, -6.773256170314359, -6.891841582570673, -7.010426994826987, -7.129012407083301, -7.247597819339615, -7.366183231595929, -7.4847686438522425, -7.317063545539758, -7.149358447227274, -6.98165334891479, -6.6687113751195275, -6.355769401324265, -6.042827427529002, -5.72988545373374, -5.416943479938477, -5.090857881994314, -4.823812575595899, -4.5567672691974845, -4.2270528708036545, -3.8973384724098246, -3.5676240740159946, -3.2379096756221646, -2.9081952772283346, -2.5784808788345046, -2.2487664804406746, -1.9190520820468449, -1.5543361505398008, -1.189620219032757, -0.8301570692416285, -0.4706939194505, -0.11123076965937151, 0.26363190695025596, 0.5423501007400648, 0.8210682945298737, 1.0997864883196826, 1.3785046821094915, 1.6572228758993004, 1.9359410696891093, 2.2146592634789184, 2.4933774572687275, 2.7720956510585366, 3.0508138448483457, 3.329532038638155, 3.608250232427964, 4.0],