{"0": {"longitude": 22.72952900348928, "deviation": 0.10211200551975708, "turns": [0.5320056474251214, 0.5235987755982986, 0.5325897495094248], "turns_sum": 1.588194172532845, "max_turn": 0.5325897495094248, "m1": 15.15301933565952, "m2": 0, "m3": 3, "m4": 1.588194172532845}, "1": {"longitude": 18.762814954775006, "deviation": 0.8742711347766878, "turns": [0.0106749704178122, 0.010875425164685067, 1.0582810908375007, 1.058497312123055, 1.058722122750174, 1.0589560442858499, 0.012002090160853162, 0.012255974990091019, 0.012520812511809608, 0.012797326167427158, 0.013086304479141673, 0.013388608530251306, 0.01370518050078263, 0.014037053436044156, 0.01438536246097107, 0.014751357695942272, 0.5387351947812196], "turns_sum": 4.92767223129361, "max_turn": 1.0589560442858499, "m1": 12.508543303183338, "m2": 0, "m3": 17, "m4": 4.92767223129361}, "2": {"longitude": 16.492422502470642, "deviation": 0.0, "turns": [], "turns_sum": 0, "max_turn": 0, "m1": 10.994948334980428, "m2": 0, "m3": 0, "m4": 0}, "3": {"longitude": 20.153500838160074, "deviation": 0.15350083816007398, "turns": [0.5235987755982995, 0.009714599249664503, 0.009880376711172608, 0.5336506773397887], "turns_sum": 1.0768444288989252, "max_turn": 0.5336506773397887, "m1": 13.43566722544005, "m2": 0, "m3": 4, "m4": 1.0768444288989252}, "4": {"longitude": 17.888543819998322, "deviation": 3.552713678800501e-15, "turns": [], "turns_sum": 0, "max_turn": 0, "m1": 11.925695879998882, "m2": 0, "m3": 0, "m4": 0}, "waypoints": {"0": {"X": [-8.0, -7.902942858086555, -7.635558003150919, -7.368173148215283, -7.100788293279647, -6.737762971121034, -6.472752856855414, -6.207742742589794, -5.9427326283241735, -5.677722514058553, -5.412712399792933, -5.147702285527313, -4.882692171261692, -4.617682056996072, -4.352671942730452, -4.087661828464832, -3.8226517141992113, -3.557641599933591, -3.292631485667971, -3.0276213714023505, -2.7626112571367303, -2.49760114287111, -2.2325910286054897, -1.9675809143398693, -1.7025708000742488, -1.4375606858086283, -1.1725505715430078, -0.9075404572773873, -0.6425303430117668, -0.3775202287461463, -0.11251011448052595, 0.1524999997850945, 0.417510114050715, 0.6825202283163354, 0.9475303425819559, 1.2125404568475764, 1.4775505711131969, 1.7425606853788174, 2.0075707996444376, 2.272580913910058, 2.537591028175678, 2.802601142441299, 3.067611256706919, 3.3326213709725394, 3.5976314852381597, 3.86264159950378, 4.1276517137694, 4.3926618280350205, 4.657671942300641, 4.922682056566261, 5.187692170831881, 5.4527022850975015, 5.717712399363122, 5.982722513628742, 6.247732627894362, 6.512742742159983, 6.777752856425603, 7.042762970691223, 7.307773084956843, 7.572783199222464, 7.837793313488084, 8.0], "Y": [-8.0, -7.637777815141599, -7.374851324747328, -7.111924834353057, -6.848998343958786, -6.75498975141728, -6.489669870260736, -6.224349989104192, -5.9590301079476475, -5.6937102267911035, -5.4283903456345595, -5.163070464478015, -4.897750583321471, -4.632430702164927, -4.367110821008383, -4.101790939851839, -3.8364710586952953, -3.5711511775387508, -3.3058312963822063, -3.0405114152256623, -2.775191534069118, -2.5098716529125733, -2.2445517717560293, -1.979231890599485, -1.7139120094429408, -1.4485921282863965, -1.1832722471298522, -0.917952365973308, -0.6526324848167637, -0.3873126036602194, -0.12199272250367516, 0.1433271586528691, 0.4086470398094134, 0.6739669209659578, 0.939286802122502, 1.2046066832790463, 1.4699265644355906, 1.7352464455921348, 2.0005663267486793, 2.2658862079052238, 2.5312060890617682, 2.7965259702183127, 3.0618458513748568, 3.327165732531401, 3.592485613687945, 3.857805494844489, 4.123125376001033, 4.388445257157577, 4.653765138314121, 4.919085019470665, 5.184404900627209, 5.449724781783753, 5.715044662940297, 5.980364544096841, 6.245684425253385, 6.511004306409929, 6.776324187566473, 7.041644068723017, 7.306963949879561, 7.572283831036105, 7.837603712192649, 8.0]}, "1": {"X": [-4.0, -3.6870580262047374, -3.3763395162163956, -3.0679226317780097, -3.1025924637415843, -2.7941294628964304, -2.8288832368994723, -2.520370360718715, -2.214438223553631, -1.911186891249958, -1.61072132744438, -1.3131517260390797, -1.0185938733092468, -0.7271695429586087, -0.4390069278885774, -0.15424111296971332, 0.12698540628644095, 0.40452215354497795, 0.513363317006248, 0.6222044804675182, 0.7310456439287883, 0.8398868073900585, 0.9487279708513285, 1.0575691343125986, 1.1664102977738686, 1.2752514612351387, 1.3840926246964087, 1.4929337881576787, 1.6017749516189488, 1.7106161150802188, 1.8194572785414889, 1.928298442002759, 2.037139605464029, 2.145980768925299, 2.2548219323865695, 2.3636630958478397, 2.47250425930911, 2.5813454227703803, 2.6901865862316505, 2.799027749692921, 2.907868913154191, 3.0167100766154613, 3.1255512400767316, 3.234392403538002, 3.343233566999272, 3.4520747304605424, 3.560915893921812, 3.6697570573830824, 3.7785982208443523, 3.8874393843056225, 3.996280547766893, 4.0], "Y": [-8.0, -7.793378798190686, -7.583428786162525, -7.370112060626717, -6.9967181630445285, -6.783468128789894, -6.410082034789936, -6.196904162507946, -5.980038933737624, -5.759440589555155, -5.53506268296229, -5.306858098609805, -5.074779078887664, -4.838777257539434, -4.598803702171345, -4.35480896728226, -4.106743159749122, -3.854556019075473, -3.4956986642164747, -3.136841309357476, -2.7779839544984775, -2.4191265996394793, -2.060269244780481, -1.7014118899214827, -1.3425545350624843, -0.983697180203486, -0.6248398253444876, -0.2659824704854892, 0.09287488437350921, 0.45173223923250755, 0.810589594091506, 1.1694469489505044, 1.5283043038095028, 1.8871616586685012, 2.2460190135274996, 2.6048763683864977, 2.963733723245496, 3.3225910781044945, 3.681448432963493, 4.040305787822492, 4.39916314268149, 4.758020497540489, 5.116877852399488, 5.475735207258486, 5.834592562117485, 6.193449916976483, 6.552307271835482, 6.911164626694481, 7.270021981553479, 7.628879336412478, 7.9877366912714765, 8.0]}, "2": {"X": [0.0, -0.09095085938862486, -0.18190171877724973, -0.2728525781658746, -0.36380343755449945, -0.4547542969431243, -0.5457051563317492, -0.636656015720374, -0.7276068751089989, -0.8185577344976238, -0.9095085938862486, -1.0004594532748734, -1.0914103126634982, -1.182361172052123, -1.2733120314407478, -1.3642628908293726, -1.4552137502179974, -1.5461646096066222, -1.637115468995247, -1.7280663283838718, -1.8190171877724965, -1.9099680471611213, -2.0009189065497464, -2.0918697659383714, -2.1828206253269964, -2.2737714847156214, -2.3647223441042464, -2.4556732034928714, -2.5466240628814965, -2.6375749222701215, -2.7285257816587465, -2.8194766410473715, -2.910427500435996, -3.0013783598246206, -3.0923292192132457, -3.1832800786018707, -3.2742309379904952, -3.36518179737912, -3.456132656767745, -3.5470835161563694, -3.638034375544994, -3.728985234933619, -3.8199360943222436, -3.910886953710868, -4.0], "Y": [-8.0, -7.636196562445501, -7.272393124891002, -6.9085896873365025, -6.544786249782003, -6.180982812227504, -5.817179374673005, -5.453375937118506, -5.089572499564007, -4.725769062009507, -4.361965624455008, -3.9981621869005086, -3.634358749346009, -3.2705553117915094, -2.9067518742370098, -2.54294843668251, -2.1791449991280105, -1.8153415615735111, -1.4515381240190117, -1.0877346864645123, -0.7239312489100129, -0.36012781135551347, 0.0036756261989859818, 0.36747906375348544, 0.7312825013079849, 1.0950859388624843, 1.4588893764169837, 1.822692813971483, 2.1864962515259827, 2.5502996890804823, 2.914103126634982, 3.2779065641894816, 3.641710001743981, 4.005513439298481, 4.36931687685298, 4.733120314407479, 5.096923751961978, 5.4607271895164775, 5.824530627070977, 6.188334064625476, 6.552137502179975, 6.915940939734474, 7.279744377288973, 7.643547814843473, 8.0]},