{"0": {"longitude": 20.692687244007917, "deviation": 0.6926872440079173, "turns": [0.2617993877991498, 0.27030467997604557], "turns_sum": 0.5321040677751954, "max_turn": 0.27030467997604557, "m1": 20.692687244007917, "m2": 0, "m3": 2, "m4": 0.5321040677751954}, "1": {"longitude": 20.692687244007924, "deviation": 0.6926872440079244, "turns": [0.26179938779914924, 0.27030467997605334], "turns_sum": 0.5321040677752026, "max_turn": 0.27030467997605334, "m1": 20.692687244007924, "m2": 0, "m3": 2, "m4": 0.5321040677752026}, "2": {"longitude": 20.692687244007924, "deviation": 0.6926872440079244, "turns": [0.26179938779914896, 0.270304679976053], "turns_sum": 0.532104067775202, "max_turn": 0.270304679976053, "m1": 20.692687244007924, "m2": 0, "m3": 2, "m4": 0.532104067775202}, "3": {"longitude": 20.692687244007928, "deviation": 0.6926872440079279, "turns": [0.26179938779914896, 0.2703046799760537], "turns_sum": 0.5321040677752027, "max_turn": 0.2703046799760537, "m1": 20.692687244007928, "m2": 0, "m3": 2, "m4": 0.5321040677752027}, "4": {"longitude": 20.692687244007928, "deviation": 0.6926872440079279, "turns": [0.2617993877991495, 0.2703046799760528], "turns_sum": 0.5321040677752022, "max_turn": 0.2703046799760528, "m1": 20.692687244007928, "m2": 0, "m3": 2, "m4": 0.5321040677752022}, "waypoints": {"0": {"X": [10.0, 9.034074173710932, 8.068148347421864, 7.102222521132796, 6.136296694843727, 5.1703708685546585, 4.20444504226559, 3.238519215976521, 2.2725933896874517, 1.3066675633983824, 0.340741737109313, -0.659258262890687, -1.6229478467967209, -2.586637430702755, -3.5503270146087886, -4.514016598514822, -5.477706182420857, -6.441395766326891, -7.405085350232925, -8.368774934138958, -10.0], "Y": [0.0, -0.25881904510252035, -0.5176380902050403, -0.7764571353075598, -1.035276180410079, -1.2940952255125975, -1.5529142706151156, -1.8117333157176334, -2.070552360820151, -2.3293714059226676, -2.588190451025184, -2.588190451025179, -2.3211653850275926, -2.0541403190300063, -1.78711525303242, -1.5200901870348336, -1.253065121037247, -0.9860400550396604, -0.7190149890420738, -0.4519899230444872, -0.0]}, "1": {"X": [3.0901699437494745, 3.0378339875065303, 2.985498031263586, 2.933162075020642, 2.880826118777698, 2.8284901625347536, 2.7761542062918094, 2.7238182500488652, 2.671482293805921, 2.619146337562977, 2.5668103813200327, 2.2577933869450852, 1.7060409991848486, 1.154288611424612, 0.6025362236643755, 0.05078383590413893, -0.5009685518560977, -1.0527209396163344, -1.6044733273765712, -2.156225715136808, -3.0901699437494745], "Y": [9.510565162951535, 8.51193562819696, 7.513306093442386, 6.514676558687812, 5.516047023933238, 4.517417489178664, 3.5187879544240896, 2.5201584196695155, 1.5215288849149415, 0.5228993501603676, -0.47573018459420635, -1.4267867008893598, -2.260794676031611, -3.094802651173862, -3.928810626316113, -4.762818601458364, -5.596826576600615, -6.4308345517428664, -7.264842526885118, -8.098850502027368, -9.510565162951535]}, "2": {"X": [-8.090169943749473, -7.1565895172522715, -6.22300909075507, -5.289428664257869, -4.355848237760668, -3.4222678112634664, -2.4886873847662647, -1.555106958269063, -0.6215265317718615, 0.3120538947253402, 1.2456343212225418, 2.0546513155974893, 2.677339170493785, 3.3000270253900803, 3.922714880286376, 4.545402735182671, 5.168090590078966, 5.7907784449752615, 6.4134662998715575, 7.036154154767853, 8.090169943749473], "Y": [5.877852522924733, 5.519484573379432, 5.161116623834132, 4.802748674288831, 4.444380724743531, 4.08601277519823, 3.7276448256529293, 3.3692768761076284, 3.0109089265623274, 2.6525409770170265, 2.2941730274717256, 1.7063877751792522, 0.9239174336552747, 0.14144709213129714, -0.6410232493926804, -1.423493590916658, -2.2059639324406355, -2.988434273964613, -3.7709046154885906, -4.553374957012569, -5.877852522924733]}, "3": {"X": [-8.090169943749475, -7.460849552699637, -6.831529161649799, -6.202208770599961, -5.572888379550124, -4.943567988500286, -4.314247597450448, -3.6849272064006104, -3.0556068153507727, -2.426286424300935, -1.7969660332510973, -0.9879490388761497, -0.0513543924082398, 0.8852402540596701, 1.82183490052758, 2.75842954699549, 3.6950241934633996, 4.63161883993131, 5.56821348639922, 6.5048081328671294, 8.090169943749475], "Y": [-5.87785252292473, -5.100706561467759, -4.323560600010788, -3.5464146385538173, -2.7692686770968464, -1.9921227156398755, -1.2149767541829046, -0.4378307927259337, 0.3393151687310372, 1.116461130188008, 1.893607091644979, 2.4813923439374523, 2.831807052829147, 3.1822217617208413, 3.5326364706125357, 3.88305117950423, 4.233465888395925, 4.583880597287619, 4.934295306179314, 5.284710015071008, 5.87785252292473]}, "4": {"X": [3.0901699437494723, 2.5455309087344453, 2.000891873719419, 1.456252838704392, 0.9116138036893653, 0.36697476867433854, -0.17766426634068821, -0.722303301355715, -1.2669423363707417, -1.8115813713857685, -2.356220406400795, -2.6652374007757422, -2.709077930473678, -2.7529184601716135, -2.796758989869549, -2.8405995195674847, -2.8844400492654203, -2.9282805789633555, -2.972121108661291, -3.0159616383592263, -3.0901699437494723], "Y": [-9.510565162951536, -8.671894595006112, -7.833224027060687, -6.994553459115263, -6.1558828911698384, -5.317212323224414, -4.4785417552789895, -3.639871187333565, -2.8012006193881405, -1.9625300514427162, -1.123859483497292, -0.17280296720213817, 0.8262355745748067, 1.8252741163517516, 2.8243126581286964, 3.823351199905641, 4.822389741682586, 5.821428283459531, 6.820466825236475, 7.81950536701342, 9.510565162951536]}}, "total_time": 52.42247438430786, "min_cost": 0}