{"0": {"longitude": 20.686213038692372, "deviation": 0.6862130386923724, "turns": [0.3490658503988656, 0.3490658503988655, 0.34906585039886584, 0.3490658503988661, 0.2091219598252936], "turns_sum": 1.6053853614207567, "max_turn": 0.3490658503988661, "m1": 20.686213038692372, "m2": 0, "m3": 5, "m4": 1.6053853614207567}, "1": {"longitude": 21.62107963932668, "deviation": 1.6210796393266804, "turns": [0.6981317007977317, 0.34906585039886523, 0.3490658503988656, 0.34906585039886584, 0.34906585039886584, 0.44627999775713156], "turns_sum": 2.540675100150326, "max_turn": 0.6981317007977317, "m1": 21.62107963932668, "m2": 0, "m3": 6, "m4": 2.540675100150326}, "2": {"longitude": 21.045269789532693, "deviation": 1.0452697895326928, "turns": [0.36700802911036123, 0.34906585039886573, 0.34906585039886534, 0.3490658503988651, 0.5539145286935635], "turns_sum": 1.968120109000521, "max_turn": 0.5539145286935635, "m1": 21.045269789532693, "m2": 0, "m3": 5, "m4": 1.968120109000521}, "3": {"longitude": 21.008346486142614, "deviation": 1.0083464861426137, "turns": [0.34906585039886584, 0.3490658503988659, 0.34906585039886573, 0.3490658503988659, 0.303808905008014], "turns_sum": 1.7000723066034773, "max_turn": 0.3490658503988659, "m1": 21.008346486142614, "m2": 0, "m3": 5, "m4": 1.7000723066034773}, "4": {"longitude": 21.080413182759504, "deviation": 1.0804131827595036, "turns": [0.34906585039886584, 0.3490658503988662, 0.3490658503988661, 0.3490658503988661, 0.27763378094745217], "turns_sum": 1.6738971825429165, "max_turn": 0.3490658503988662, "m1": 21.080413182759504, "m2": 0, "m3": 5, "m4": 1.6738971825429165}, "waypoints": {"0": {"X": [10.0, 9.233955556881021, 8.294262936095112, 7.3545703153092035, 6.414877694523295, 5.414877694523295, 4.414877694523295, 3.4148776945232946, 2.4148776945232946, 1.4148776945232946, 0.47518507373738617, -0.5248149262626138, -1.5030285001214567, -2.4812420739802996, -3.4594556478391425, -4.437669221697985, -5.415882795556827, -6.39409636941567, -7.372309943274512, -10.0], "Y": [0.0, 0.6427876096865395, 0.9848077530122084, 1.3268278963378772, 1.6688480396635461, 1.6688480396635463, 1.6688480396635466, 1.6688480396635468, 1.668848039663547, 1.6688480396635472, 2.010868182989216, 2.010868182989216, 1.803267113824555, 1.595666044659894, 1.388064975495233, 1.180463906330572, 0.972862837165911, 0.7652617680012501, 0.5576606988365892, -0.0]}, "1": {"X": [3.0901699437494745, 2.781152949374527, 1.933104853218101, 1.317443377892443, 0.701781902566785, 0.0861204272411269, -0.5295410480845312, -1.1452025234101892, -1.7608639987358474, -2.3765254740615056, -2.685542468436453, -3.3012039437621112, -3.9168654190877694, -4.225882413462717, -4.094145726501553, -3.9624090395403893, -3.8306723525792252, -3.6989356656180616, -3.5671989786568976, -3.4354622916957336, -3.0901699437494745], "Y": [9.510565162951535, 8.559508646656381, 8.029589382423175, 7.241578628816454, 6.453567875209732, 5.66555712160301, 4.877546367996288, 4.0895356143895665, 3.3015248607828442, 2.513514107176122, 1.5624575908809684, 0.7744468372742462, -0.01356391633247589, -0.9646204326276294, -1.9559051774454321, -2.947189922263235, -3.9384746670810378, -4.92975941189884, -5.921044156716643, -6.912328901534446, -9.510565162951535]}, "2": {"X": [-8.090169943749473, -7.530977040278726, -6.711544680294017, -6.137567840380856, -5.563591000467696, -5.304299758515581, -5.045008516563467, -4.471031676650306, -3.8970548367371456, -2.978160480860737, -2.0592661249843283, -1.1403717691079196, -0.2214774132315107, 0.6974169426448982, 1.616311298521307, 2.535205654397716, 3.454100010274125, 4.372994366150534, 5.291888722026943, 6.210783077903352, 8.090169943749473], "Y": [5.877852522924733, 5.048814950369691, 4.475639054671093, 3.656767521863106, 2.837895989055119, 1.8720968112510945, 0.9062976334470698, 0.08742610063908296, -0.7314454321689039, -1.125949123835382, -1.5204528155018602, -1.9149565071683385, -2.3094601988348167, -2.703963890501295, -3.098467582167773, -3.492971273834251, -3.8874749655007292, -4.281978657167207, -4.6764823488336855, -5.0709860405001645, -5.877852522924733]}, "3": {"X": [-8.090169943749475, -7.09260589348965, -6.131344197551331, -5.170082501613012, -4.208820805674693, -3.399803811299746, -2.5907868169247985, -1.781769822549851, -0.9727528281749037, -0.011491132236584933, 0.9497705637017338, 1.9110322596400526, 2.7200492540149996, 3.3161764897951995, 3.9123037255753994, 4.508430961355599, 5.104558197135799, 5.700685432915999, 6.2968126686962, 6.8929399044764, 8.090169943749475], "Y": [-5.87785252292473, -5.947608996668855, -5.671971640851855, -5.396334285034856, -5.120696929217856, -4.532911676925383, -3.9451264246329094, -3.357341172340436, -2.7695559200479627, -2.493918564230963, -2.2182812084139636, -1.942643852596964, -1.3548586003044907, -0.5519686210663278, 0.25092135817183503, 1.0538113374099978, 1.8567013166481607, 2.6595912958863237, 3.4624812751244867, 4.265371254362649, 5.87785252292473]}, "4": {"X": [3.0901699437494723, 2.7811529493745253, 2.8160524460770264, 2.8509519427795276, 2.8858514394820287, 3.260458032897941, 3.2953575296004423, 3.3302570263029434, 3.3651565230054445, 3.4000560197079457, 3.0910390253329982, 2.5331889824573333, 1.9753389395816685, 1.4174888967060038, 0.859638853830339, 0.30178881095467414, -0.25606123192099073, -0.8139112747966556, -1.3717613176723205, -1.9296113605479852, -3.0901699437494723], "Y": [-9.510565162951536, -8.559508646656383, -7.560117819637287, -6.560726992618191, -5.561336165599095, -4.634152311032308, -3.634761484013212, -2.635370656994116, -1.6359798299750201, -0.6365890029559244, 0.3144675133392293, 1.1444092761537168, 1.9743510389682042, 2.8042928017826916, 3.634234564597179, 4.464176327411667, 5.294118090226155, 6.124059853040642, 6.9540016158551285, 7.7839433786696155, 9.510565162951536]}}, "total_time": 27.96064281463623, "min_cost": 0.0}