{"0": {"longitude": 30.761571284620267, "deviation": 0.7615712846202669, "turns": [0.4909921660401376], "max_turn": 0.4909921660401376, "m1: tiempo de vuelo": 20.507714189746846, "m2": 0, "m3: cant de giros": 1, "m4: suma de angulos": 0.4909921660401376, "angles_rate": 0.4909921660401376}, "1": {"longitude": 30.879138926813468, "deviation": 0.879138926813468, "turns": [0.4331025004952912, 0.34906585039886534, 0.4040887895056557, 0.3490658503988658, 0.42881877160977266], "max_turn": 0.4331025004952912, "m1: tiempo de vuelo": 20.586092617875646, "m2": 0, "m3: cant de giros": 5, "m4: suma de angulos": 1.9641417624084507, "angles_rate": 0.3928283524816901}, "2": {"longitude": 30.49830505448744, "deviation": 0.49830505448744233, "turns": [0.3490658503988651, 0.34906585039886534, 0.34906585039886556, 0.4818652139973849], "max_turn": 0.4818652139973849, "m1: tiempo de vuelo": 20.33220336965829, "m2": 0, "m3: cant de giros": 4, "m4: suma de angulos": 1.529062765193981, "angles_rate": 0.38226569129849525}, "3": {"longitude": 30.879138926813464, "deviation": 0.8791389268134644, "turns": [0.43310250049529, 0.3490658503988661, 0.4040887895056571, 0.34906585039886534, 0.4288187716097719], "max_turn": 0.43310250049529, "m1: tiempo de vuelo": 20.586092617875643, "m2": 0, "m3: cant de giros": 5, "m4: suma de angulos": 1.9641417624084503, "angles_rate": 0.39282835248169007}, "4": {"longitude": 30.498305054487446, "deviation": 0.49830505448744233, "turns": [0.34906585039886623, 0.34906585039886584, 0.3490658503988659, 0.48186521399738624], "max_turn": 0.48186521399738624, "m1: tiempo de vuelo": 20.3322033696583, "m2": 0, "m3: cant de giros": 4, "m4: suma de angulos": 1.5290627651939843, "angles_rate": 0.3822656912984961}, "5": {"longitude": 30.657279429952677, "deviation": 0.657279429952677, "turns": [0.4331025004952908, 0.3490658503988658, 0.4040887895056567], "max_turn": 0.4331025004952908, "m1: tiempo de vuelo": 20.43818628663512, "m2": 0, "m3: cant de giros": 3, "m4: suma de angulos": 1.1862571403998132, "angles_rate": 0.3954190467999377}, "waypoints": {"0": {"X": [15.0, 12.180922137642275, 9.36184427528455, 6.542766412926824, 3.5729303476213854, 0.6030942823159471, -2.3667417829894917, -5.33657784829493, -8.30641391360037, -11.276249978905808, -15.0], "Y": [0.0, -1.026060429977006, -2.0521208599540106, -3.078181289931014, -2.6538303205541176, -2.2294793511772215, -1.805128381800325, -1.3807774124234284, -0.9564264430465322, -0.5320754736696358, -0.0]}, "1": {"X": [7.500000000000002, 6.979055466999211, 6.4581109339984195, 4.745327708738447, 3.9782338849677967, 2.132589573095541, 1.207155775342001, -0.8210440503189314, -2.8492438759798637, -4.8774437016407965, -7.500000000000002], "Y": [12.990381056766578, 10.035957797729953, 7.081534538693329, 4.618533600149446, 1.7182634290217766, -0.646815232260674, -3.5005097299207617, -5.711031267293551, -7.921552804666341, -10.13207434203913, -12.990381056766578]}, "2": {"X": [-7.4999999999999964, -5.9999999999999964, -4.499999999999997, -2.2018666706430654, -0.7018666706430674, 1.5962666587138645, 2.7390496896060217, 3.881832720498179, 5.0246157513903364, 6.167398782282493, 7.4999999999999964], "Y": [12.99038105676658, 10.392304845413264, 7.794228634059948, 5.865865805000327, 3.2677895936470103, 1.3394267645873894, -1.4343877469300867, -4.208202258447563, -6.982016769965039, -9.755831281482514, -12.99038105676658]}, "3": {"X": [-15.0, -12.180922137642273, -9.361844275284547, -6.372431280330643, -3.4771767224105155, -0.506136363855294, 2.4279524646349846, 5.35642018444292, 8.284887904250855, 11.21335562405879, 15.0], "Y": [1.83697019872103e-15, 1.0260604299770062, 2.0521208599540106, 1.8003075449749724, 2.586119892067284, 2.1702843622768864, 2.7956824327316525, 2.1444706284445108, 1.4932588241573685, 0.8420470198702266, -1.83697019872103e-15]}, "4": {"X": [-7.500000000000007, -6.000000000000005, -4.5000000000000036, -3.979055466999211, -2.47905546699921, -1.9581109339984182, -0.1273086170844373, 1.7034936998295436, 3.5342960167435242, 5.365098333657505, 7.500000000000007], "Y": [-12.990381056766577, -10.39230484541326, -7.794228634059945, -4.839805375023321, -2.2417291636700054, 0.7126940953666185, 3.0892804868917403, 5.465866878416862, 7.842453269941984, 10.219039661467106, 12.990381056766577]}, "5": {"X": [7.500000000000002, 5.201866670643067, 2.9037333412861326, 1.6271035715922, -0.5010571625572802, -1.6264532092402462, -2.7518492559232124, -3.8772453026061786, -5.002641349289145, -6.128037395972111, -7.500000000000002], "Y": [-12.990381056766578, -11.062018227706961, -9.133655398647344, -6.418841145124422, -4.3043833210890625, -1.523469130016215, 1.2574450610566328, 4.03835925212948, 6.819273443202327, 9.600187634275175, 12.990381056766578]}}, "total_time": 86.80899548530579, "min_cost": 0.0}