{"0": {"longitude": 20.60997326987531, "deviation": 0.6099732698753115, "turns": [0.3490658503988665, 0.349065850398866, 0.3490658503988665, 0.24065860537329065], "max_turn": 0.3490658503988665, "m1: tiempo de vuelo": 13.739982179916874, "m2": 0, "m3: cant de giros": 4, "m4: suma de angulos": 1.2878561565698898, "angles_rate": 0.32196403914247246}, "1": {"longitude": 21.080421688419104, "deviation": 1.0804216884191042, "turns": [0.34906585039886556, 0.3490658503988657, 0.6949100442528953], "max_turn": 0.6949100442528953, "m1: tiempo de vuelo": 14.05361445894607, "m2": 0, "m3: cant de giros": 3, "m4: suma de angulos": 1.3930417450506265, "angles_rate": 0.46434724835020885}, "2": {"longitude": 20.609973269875308, "deviation": 0.609973269875308, "turns": [0.34906585039886534, 0.24065860537329106], "max_turn": 0.34906585039886534, "m1: tiempo de vuelo": 13.739982179916872, "m2": 0, "m3: cant de giros": 2, "m4: suma de angulos": 0.5897244557721564, "angles_rate": 0.2948622278860782}, "3": {"longitude": 20.60997326987531, "deviation": 0.6099732698753115, "turns": [0.34906585039886584, 0.34906585039886584, 0.34906585039886584, 0.2406586053732914], "max_turn": 0.34906585039886584, "m1: tiempo de vuelo": 13.739982179916874, "m2": 0, "m3: cant de giros": 4, "m4: suma de angulos": 1.2878561565698887, "angles_rate": 0.3219640391424722}, "4": {"longitude": 20.609973269875315, "deviation": 0.6099732698753115, "turns": [0.3490658503988658, 0.2406586053732926], "max_turn": 0.3490658503988658, "m1: tiempo de vuelo": 13.739982179916877, "m2": 0, "m3: cant de giros": 2, "m4: suma de angulos": 0.5897244557721584, "angles_rate": 0.2948622278860792}, "5": {"longitude": 20.60997326987531, "deviation": 0.6099732698753115, "turns": [0.34906585039886595, 0.2406586053732927], "max_turn": 0.34906585039886595, "m1: tiempo de vuelo": 13.739982179916874, "m2": 0, "m3: cant de giros": 2, "m4: suma de angulos": 0.5897244557721586, "angles_rate": 0.2948622278860793}, "waypoints": {"0": {"X": [10.0, 7.180922137642275, 4.180922137642275, 1.3618442752845494, -1.6381557247154506, -4.551699360631631, -7.465242996547813, -10.0], "Y": [0.0, -1.026060429977006, -1.0260604299770042, -2.052120859954009, -2.0521208599540057, -1.3370939502419885, -0.6220670405299712, -0.0]}, "1": {"X": [5.000000000000001, 4.47905546699921, 3.9581109339984186, 2.4581109339984195, 1.9371664009976284, -0.3547424901428844, -2.646651381283397, -5.000000000000001], "Y": [8.660254037844386, 5.705830778807761, 2.7514075197711367, 0.15333130841782028, -2.801091950618804, -4.736848555853839, -6.672605161088873, -8.660254037844386]}, "2": {"X": [-4.999999999999998, -2.7018666706430663, -0.40373334128613436, 1.0962666587138636, 2.5962666587138616, 3.433807008471863, 4.271347358229865, 4.999999999999998], "Y": [8.660254037844387, 6.731891208784766, 4.803528379725146, 2.2054521683718287, -0.39262404298148823, -3.2733403015753897, -6.154056560169291, -8.660254037844387]}, "3": {"X": [-10.0, -7.180922137642274, -4.180922137642274, -1.3618442752845485, 1.6381557247154515, 4.551699360631632, 7.465242996547813, 10.0], "Y": [1.2246467991473533e-15, 1.0260604299770058, 1.026060429977004, 2.0521208599540084, 2.0521208599540066, 1.3370939502419885, 0.6220670405299704, -1.2246467991473533e-15]}, "4": {"X": [-5.000000000000004, -4.4790554669992115, -3.958110933998419, -2.458110933998418, -0.9581109339984173, 1.1178923521597652, 3.1938956383179473, 5.000000000000004], "Y": [-8.660254037844386, -5.705830778807762, -2.751407519771138, -0.1533313084178225, 2.444744902935493, 4.610434251817375, 6.776123600699256, 8.660254037844386]}, "5": {"X": [5.000000000000001, 2.7018666706430663, 0.4037333412861317, -1.096266658713869, -2.5962666587138696, -3.433807008471869, -4.2713473582298676, -5.000000000000001], "Y": [-8.660254037844386, -6.731891208784768, -4.803528379725151, -2.205452168371835, 0.3926240429814811, 3.2733403015753826, 6.154056560169284, 8.660254037844386]}}, "total_time": 59.92023253440857, "min_cost": 0.0}