{"0": {"longitude": 32.65217732199389, "deviation": 10.024760324024367, "turns": [0.3490658503988683, 1.047197551196591, 0.3278265831105098], "turns_sum": 1.7240899847059692, "max_turn": 1.047197551196591, "m1": 21.768118214662593, "m2": 0, "m3": 3, "m4": 1.7240899847059692}, "1": {"longitude": 24.777699381287732, "deviation": 6.889155561289414, "turns": [0.3490658503988651, 0.3490658503988655, 0.3490658503988665, 1.047197551196595, 0.2813630452083383], "turns_sum": 2.3757581476015304, "max_turn": 1.047197551196595, "m1": 16.51846625419182, "m2": 0, "m3": 5, "m4": 2.3757581476015304}, "2": {"longitude": 16.947269693651357, "deviation": 0.4548471911807148, "turns": [0.3490658503988661, 0.34906585039886595, 0.698131700797733, 0], "turns_sum": 1.3962634015954651, "max_turn": 0.698131700797733, "m1": 11.298179795767572, "m2": 0, "m3": 4, "m4": 1.3962634015954651}, "3": {"longitude": 22.354609468921524, "deviation": 2.354609468921524, "turns": [0.6981317007977291, 0.34906585039886756, 0.11106507460983119, 0.3490658503988672, 0.34906585039886445, 0.6981317007977329, 0.543096594953915], "turns_sum": 3.097622622355807, "max_turn": 0.6981317007977329, "m1": 14.903072979281015, "m2": 0, "m3": 7, "m4": 3.097622622355807}, "4": {"longitude": 17.911697146191862, "deviation": 0.023153326193543933, "turns": [0.3490658503988675, 0.34906585039886723, 0.008390240045888406], "turns_sum": 0.7065219408436232, "max_turn": 0.3490658503988675, "m1": 11.941131430794576, "m2": 0, "m3": 3, "m4": 0.7065219408436232}, "waypoints": {"0": {"X": [-8.0, -8.097057141913446, -8.194114283826892, -8.291171425740337, -8.388228567653783, -8.48528570956723, -8.582342851480675, -8.67939999339412, -8.776457135307567, -8.873514277221012, -8.970571419134458, -9.067628561047904, -9.16468570296135, -9.261742844874796, -9.358799986788242, -9.455857128701687, -9.552914270615133, -9.64997141252858, -9.747028554442025, -9.84408569635547, -9.941142838268917, -10.038199980182362, -10.135257122095808, -10.232314264009254, -10.3293714059227, -10.426428547836146, -10.523485689749592, -10.620542831663037, -10.587859428132665, -10.555176024602293, -10.52249262107192, -10.489809217541548, -10.457125814011176, -10.424442410480804, -10.391759006950432, -10.35907560342006, -10.326392199889687, -10.293708796359315, -10.261025392828943, -9.9211599726902, -9.548365337694314, -9.175570702698428, -8.802776067702542, -8.429981432706656, -8.05718679771077, -7.684392162714884, -7.311597527718998, -6.938802892723112, -6.566008257727226, -6.19321362273134, -5.820418987735454, -5.4476243527395685, -5.0748297177436825, -4.702035082747797, -4.329240447751911, -3.9564458127560247, -3.5836511777601388, -3.210856542764253, -2.838061907768367, -2.465267272772481, -2.092472637776595, -1.719678002780709, -1.346883367784823, -0.974088732788937, -0.601294097793051, -0.22849946279716493, 0.14429517219872107, 0.5170898071946071, 0.8898844421904931, 1.2626790771863792, 1.6354737121822653, 2.0082683471781513, 2.3810629821740372, 2.753857617169923, 3.126652252165809, 3.499446887161695, 3.872241522157581, 4.245036157153467, 4.617830792149353, 4.990625427145239, 5.363420062141125, 5.736214697137011, 8.0], "Y": [-8.0, -7.637777815141599, -7.275555630283199, -6.913333445424798, -6.5511112605663975, -6.188889075707997, -5.826666890849596, -5.464444705991196, -5.102222521132795, -4.740000336274394, -4.377778151415994, -4.015555966557593, -3.6533337816991924, -3.291111596840792, -2.928889411982391, -2.5666672271239905, -2.20444504226559, -1.8422228574071893, -1.4800006725487886, -1.117778487690388, -0.7555563028319874, -0.39333411797358675, -0.03111193311518612, 0.3311102517432145, 0.6933324366016151, 1.0555546214600158, 1.4177768063184164, 1.779998991176817, 2.1535720029612215, 2.527145014745626, 2.9007180265300305, 3.274291038314435, 3.6478640500988395, 4.021437061883244, 4.395010073667649, 4.768583085452054, 5.142156097236459, 5.515729109020864, 5.889302120805269, 6.047783968958031, 6.088393821436021, 6.129003673914012, 6.169613526392002, 6.210223378869992, 6.250833231347983, 6.291443083825973, 6.332052936303963, 6.372662788781954, 6.413272641259944, 6.453882493737934, 6.4944923462159245, 6.535102198693915, 6.575712051171905, 6.6163219036498955, 6.656931756127885, 6.697541608605874, 6.738151461083865, 6.778761313561854, 6.819371166039844, 6.859981018517834, 6.900590870995824, 6.941200723473814, 6.981810575951804, 7.022420428429793, 7.063030280907784, 7.103640133385773, 7.1442499858637625, 7.184859838341753, 7.225469690819743, 7.2660795432977325, 7.306689395775723, 7.347299248253712, 7.387909100731703, 7.428518953209692, 7.469128805687682, 7.509738658165672, 7.550348510643662, 7.5909583631216515, 7.631568215599642, 7.672178068077631, 7.712787920555622, 7.753397773033611, 8.0]}, "1": {"X": [-4.0, -4.087127959908055, -4.17425591981611, -4.261383879724165, -4.34851183963222, -4.435639799540275, -4.52276775944833, -4.609895719356385, -4.69702367926444, -4.784151639172495, -4.87127959908055, -4.958407558988605, -5.04553551889666, -5.132663478804715, -5.21979143871277, -5.306919398620825, -5.39404735852888, -5.481175318436935, -5.56830327834499, -5.655431238253045, -5.7425591981611, -5.829687158069155, -5.91681511797721, -6.003943077885265, -6.09107103779332, -6.178198997701375, -6.26532695760943, -6.352454917517485, -6.309580717687631, -6.266706517857776, -6.223832318027922, -6.180958118198068, -6.138083918368213, -6.095209718538359, -6.052335518708505, -6.0094613188786505, -5.966587119048796, -5.923712919218942, -5.880838719389088, -5.7131336210766035, -5.670259421246749, -5.326192344048693, -4.954243610265046, -4.582294876481398, -4.21034614269775, -3.838397408914102, -3.4664486751304544, -3.0944999413468066, -2.722551207563159, -2.350602473779511, -1.9786537399958632, -1.6067050062122155, -1.2347562724285677, -0.8628075386449199, -0.4908588048612721, -0.1189100710776243, 0.2530386627060235, 0.6249873964896713, 0.9969361302733191, 1.3688848640569669, 1.7408335978406146, 4.0], "Y": [-8.0, -7.635262123433471, -7.270524246866943, -6.905786370300414, -6.541048493733886, -6.176310617167357, -5.811572740600829, -5.4468348640343, -5.0820969874677715, -4.717359110901243, -4.352621234334714, -3.987883357768186, -3.6231454812016572, -3.2584076046351287, -2.8936697280686, -2.5289318515020716, -2.164193974935543, -1.7994560983690142, -1.4347182218024854, -1.0699803452359566, -0.7052424686694279, -0.34050459210289913, 0.0242332844636296, 0.38897116103015833, 0.7537090375966871, 1.1184469141632158, 1.4831847907297446, 1.8479226672962734, 2.220463675762388, 2.5930046842285024, 2.965545692694617, 3.3380867011607314, 3.710627709626846, 4.083168718092961, 4.455709726559076, 4.828250735025191, 5.200791743491306, 5.5733327519574205, 5.945873760423535, 6.281283957048504, 6.653824965514619, 6.802965323528092, 6.850705656965774, 6.898445990403456, 6.946186323841138, 6.99392665727882, 7.041666990716502, 7.089407324154184, 7.137147657591866, 7.184887991029548, 7.23262832446723, 7.280368657904913, 7.328108991342595, 7.375849324780278, 7.42358965821796, 7.471329991655643, 7.519070325093325, 7.566810658531008, 7.61455099196869, 7.662291325406373, 7.710031658844055, 8.0]},