{"0": {"longitude": 30.927290997835254, "deviation": 8.299873999865731, "turns": [0.26179938779915085, 0.26179938779914796, 0.2617993877991481, 0.26179938779914796, 0.2617993877991481, 0.26179938779914796, 0.2617993877991481, 0.26179938779914796, 0.2617993877991481, 0.2617993877991478, 0.2617993877991481, 0.7853981633974499, 0.5235987755982989, 0.2617993877991496, 0.26179938779914785, 0.2617993877991503, 0.2617993877991503, 0.3738421329162266], "turns_sum": 5.609829888899204, "max_turn": 0.7853981633974499, "m1": 20.618193998556837, "m2": 0, "m3": 18, "m4": 5.609829888899204}, "1": {"longitude": 23.277859196159376, "deviation": 5.389315376161058, "turns": [0.2617993877991497, 0.2617993877991503, 0.2617993877991503, 0.2617993877991503, 0.2617993877991503, 0.2617993877991503, 0.2617993877991503, 0.7853981633974473, 0.5235987755982993, 0.06706746494304064, 0.2617993877991488, 0.2817466464897924, 0.2617993877991497, 0.3133308912358825], "turns_sum": 4.3273364318568115, "max_turn": 0.7853981633974473, "m1": 15.518572797439584, "m2": 0, "m3": 14, "m4": 4.3273364318568115}, "2": {"longitude": 24.545123300138442, "deviation": 8.0527007976678, "turns": [0.2678164222247111, 0.2617993877991502, 0.28164645654589165, 0.2617993877991488, 0.2838374810118148, 0.2617993877991488, 0.27165155057598067, 0.5235987755982983, 0.2617993877991496, 0.26179938779914996, 0.5235987755982984, 0.5235987755982994, 0.2617993877991505, 0.7853981633974495, 0.7853981633974454, 0.6993852321404623], "turns_sum": 6.516726122883549, "max_turn": 0.7853981633974495, "m1": 16.363415533425627, "m2": 0, "m3": 16, "m4": 6.516726122883549}, "3": {"longitude": 22.288329966519356, "deviation": 2.288329966519356, "turns": [0.26179938779914763, 0.26179938779915063, 0.26179938779914946, 0.2617993877991483, 0.7853981633974484, 0.26179938779914885, 0.5235987755982984, 0.33061033774475906, 0.2617993877991489, 0.27600201954107245, 0.2617993877991489, 0.26179938779914935, 0.2617993877991496, 0.5235987755982981, 0.2617993877991473, 0.2617993877991496, 0.2617993877991512, 0.1576583274321386], "turns_sum": 5.738459052901804, "max_turn": 0.7853981633974484, "m1": 14.858886644346237, "m2": 0, "m3": 18, "m4": 5.738459052901804}, "4": {"longitude": 26.354593609412532, "deviation": 8.466049789414214, "turns": [0.2617993877991473, 0.5235987755983003, 0.5235987755982979, 0.5235987755982979, 0.04237285985036276, 0.2617993877991484, 0.27005923997117887, 0.7853981633974476, 0.26179938779915, 0.5235987755982989, 0.26179938779914963, 0.2617993877991492, 0.2617993877991498, 0.261799387799149, 0.2617993877991502, 0.7853981633974473, 0.2617993877991507, 0.5235987755982995, 0.18541259481215583], "turns_sum": 7.042829389612431, "max_turn": 0.7853981633974476, "m1": 17.569729072941687, "m2": 0, "m3": 19, "m4": 7.042829389612431}, "waypoints": {"0": {"X": [-8.0, -8.0, -8.097057141913446, -8.284557141913446, -8.472057141913446, -8.659557141913446, -8.756614283826892, -8.944114283826892, -9.131614283826892, -9.319114283826892, -9.506614283826892, -9.603671425740337, -9.700728567653783, -9.79778570956723, -9.98528570956723, -10.082342851480675, -10.17939999339412, -10.276457135307567, -10.463957135307567, -10.651457135307567, -10.748514277221012, -10.845571419134458, -11.033071419134458, -11.130128561047904, -11.22718570296135, -11.324242844874796, -11.136742844874796, -10.949242844874796, -10.761742844874796, -10.436983318455631, -10.112223792036467, -9.787464265617302, -9.462704739198138, -9.137945212778973, -8.813185686359809, -8.548020643414853, -8.282855600469897, -8.017690557524942, -7.752525514579986, -7.48736047163503, -7.222195428690075, -6.957030385745119, -6.691865342800163, -6.426700299855208, -6.101940773436043, -5.7397185885776425, -5.377496403719242, -5.015274218860841, -4.690514692441677, -4.365755166022512, -4.040995639603348, -3.6701928587833814, -3.299390077963415, -2.928587297143449, -2.5577845163234825, -2.186981735503516, -1.8161789546835498, -1.4453761738635835, -1.0745733930436172, -0.7037706122236507, -0.3329678314036842, 0.03783494941628229, 0.40863773023624866, 0.779440511056215, 1.1502432918761816, 1.5210460726961479, 1.8918488535161144, 2.262651634336081, 2.6334544151560473, 3.0042571959760136, 3.37505997679598, 3.7458627576159462, 4.116665538435913, 4.487468319255879, 4.858271100075846, 5.229073880895812, 5.599876661715778, 5.970679442535745, 8.0], "Y": [-8.0, -7.625, -7.262777815141599, -6.938018288722435, -6.61325876230327, -6.288499235884106, -5.926277051025705, -5.601517524606541, -5.276757998187376, -4.951998471768212, -4.627238945349047, -4.265016760490647, -3.902794575632246, -3.5405723907738453, -3.215812864354681, -2.85359067949628, -2.4913684946378796, -2.129146309779479, -1.8043867833603144, -1.47962725694115, -1.1174050720827493, -0.7551828872243487, -0.43042336080518406, -0.06820117594678338, 0.2940210089116173, 0.6562431937700179, 0.9810027201891822, 1.3057622466083465, 1.6305217730275108, 1.8180217730275106, 2.0055217730275103, 2.19302177302751, 2.3805217730275094, 2.568021773027509, 2.7555217730275086, 3.020686815972464, 3.285851858917419, 3.5510169018623743, 3.8161819448073295, 4.081346987752284, 4.346512030697239, 4.611677073642194, 4.876842116587149, 5.1420071595321035, 5.3295071595321035, 5.4265643014455485, 5.523621443358993, 5.620678585272438, 5.808178585272438, 5.995678585272438, 6.183178585272438, 6.239127649037438, 6.295076712802437, 6.351025776567437, 6.4069748403324365, 6.462923904097436, 6.5188729678624355, 6.574822031627435, 6.630771095392435, 6.686720159157434, 6.742669222922434, 6.798618286687433, 6.854567350452432, 6.910516414217431, 6.96646547798243, 7.022414541747429, 7.078363605512428, 7.134312669277428, 7.190261733042426, 7.246210796807425, 7.3021598605724245, 7.358108924337424, 7.414057988102423, 7.470007051867421, 7.525956115632421, 7.58190517939742, 7.637854243162419, 7.693803306927418, 8.0]}, "1": {"X": [-4.0, -4.022468222829706, -4.14105363508602, -4.347674836895334, -4.554296038704648, -4.760917240513963, -4.8795026527702765, -5.086123854579591, -5.292745056388905, -5.4993662581982194, -5.617951670454533, -5.736537082710847, -5.855122494967161, -5.973707907223475, -6.092293319479789, -6.210878731736103, -6.329464143992417, -6.448049556248731, -6.654670758058045, -6.773256170314359, -6.891841582570673, -7.010426994826987, -7.129012407083301, -7.247597819339615, -7.366183231595929, -7.4847686438522425, -7.317063545539758, -7.149358447227274, -6.98165334891479, -6.6687113751195275, -6.355769401324265, -6.042827427529002, -5.72988545373374, -5.416943479938477, -5.090857881994314, -4.823812575595899, -4.5567672691974845, -4.2270528708036545, -3.8973384724098246, -3.5676240740159946, -3.2379096756221646, -2.9081952772283346, -2.5784808788345046, -2.2487664804406746, -1.9190520820468449, -1.5543361505398008, -1.189620219032757, -0.824904287525713, -0.5048292520372242, -0.18475421654873542, 0.13532081893975334, 0.4553958544282421, 0.7754708899167309, 1.0955459254052196, 1.4156209608937083, 1.735695996382197, 2.0557710318706857, 4.0],