{"0": {"longitude": 41.121835442419744, "deviation": 1.1218354424197443, "turns": [0.3490658503988658, 0.34906585039886634, 0.43514431837633905], "turns_sum": 1.1332760191740712, "max_turn": 0.43514431837633905, "m1": 27.41455696161316, "m2": 0, "m3": 3, "m4": 1.1332760191740712}, "1": {"longitude": 10.023467771833293, "deviation": 0.023467771833292517, "turns": [0.36235929080574075], "turns_sum": 0.36235929080574075, "max_turn": 0.36235929080574075, "m1": 6.682311847888862, "m2": 0, "m3": 1, "m4": 0.36235929080574075}, "2": {"longitude": 18.07670235869142, "deviation": 2.5525276624313964, "turns": [1.0471975511965963, 1.0471975511965996, 0.8494102281970937], "turns_sum": 2.9438053305902896, "max_turn": 1.0471975511965996, "m1": 12.05113490579428, "m2": 0, "m3": 3, "m4": 2.9438053305902896}, "3": {"longitude": 21.45995913688432, "deviation": 5.935784440624294, "turns": [1.0471975511965979, 0.021702686594201576, 0.6981317007977319, 0.34906585039886723, 1.0471975511965985, 0.783296552559732], "turns_sum": 3.9465918927437293, "max_turn": 1.0471975511965985, "m1": 14.306639424589546, "m2": 0, "m3": 6, "m4": 3.9465918927437293}, "4": {"longitude": 22.590325141449924, "deviation": 1.0496659129119088, "turns": [0.7094727146397186, 0.349065850398865, 1.0471975511965907, 0.3490658503988649, 1.047197551196594, 0.003151571218996452, 1.0471975511965939, 1.047197551196596, 0.06625689738308496], "turns_sum": 5.665803088825906, "max_turn": 1.047197551196596, "m1": 15.060216760966616, "m2": 0, "m3": 9, "m4": 5.665803088825906}, "5": {"longitude": 30.521697529589616, "deviation": 8.981038301051601, "turns": [0.6981317007977342, 0.6981317007977326, 1.0471975511965992, 0.47221243138603197, 0.6981317007977333, 0.7263342152321473, 0.6981317007977297, 0.349065850398864, 1.0471975511965974, 0.3449738420195681], "turns_sum": 6.779508244620737, "max_turn": 1.0471975511965992, "m1": 20.347798353059744, "m2": 0, "m3": 10, "m4": 6.779508244620737}, "waypoints": {"0": {"X": [0.0, 0.35238473279471566, 0.6396513989643324, 0.9269180651339493, 1.214184731303566, 1.501451397473183, 1.7887180636427997, 2.0759847298124163, 2.363251395982033, 2.6505180621516495, 2.937784728321266, 3.2250513944908827, 3.5774361272855986, 3.929820860080314, 4.282205592875029, 4.634590325669745, 5.00820190153505, 5.381813477400355, 5.75542505326566, 6.129036629130965, 6.50264820499627, 6.8762597808615755, 7.249871356726881, 7.623482932592186, 7.997094508457491, 8.370706084322796, 8.744317660188102, 9.117929236053408, 9.491540811918714, 9.86515238778402, 10.238763963649326, 10.612375539514632, 10.985987115379938, 11.359598691245244, 11.73321026711055, 12.106821842975856, 12.480433418841162, 12.854044994706468, 13.227656570571774, 13.60126814643708, 13.974879722302386, 14.348491298167692, 14.722102874032998, 15.095714449898304, 15.46932602576361, 15.842937601628917, 16.216549177494223, 16.590160753359527, 16.96377232922483, 17.337383905090135, 17.71099548095544, 18.084607056820744, 18.458218632686048, 18.831830208551352, 19.205441784416657, 19.57905336028196, 19.952664936147265, 20.32627651201257, 20.699888087877873, 21.073499663743178, 21.447111239608482, 21.820722815473786, 22.19433439133909, 22.567945967204395, 22.9415575430697, 23.315169118935003, 23.688780694800307, 24.06239227066561, 24.436003846530916, 24.80961542239622, 25.183226998261524, 25.55683857412683, 25.930450149992133, 26.304061725857437, 26.67767330172274, 27.051284877588046, 27.42489645345335, 27.798508029318654, 28.17211960518396, 28.545731181049263, 28.919342756914567, 29.29295433277987, 29.666565908645175, 30.04017748451048, 30.413789060375784, 30.787400636241088, 31.161012212106392, 31.534623787971697, 31.908235363837, 32.281846939702305, 32.65545851556761, 33.029070091432914, 33.40268166729822, 33.77629324316352, 34.149904819028826, 34.52351639489413, 34.897127970759435, 35.27073954662474, 35.64435112249004, 36.01796269835535, 36.39157427422065, 36.765185850085956, 37.13879742595126, 37.512409001816565, 37.88602057768187, 40.0], "Y": [0.0, 0.1282575537471258, 0.36930290737957805, 0.6103482610120303, 0.8513936146444826, 1.0924389682769349, 1.333484321909387, 1.5745296755418394, 1.8155750291742918, 2.056620382806744, 2.2976657364391966, 2.538711090071649, 2.666968643818775, 2.795226197565901, 2.923483751313027, 3.051741305060153, 3.0195017272179556, 2.9872621493757583, 2.955022571533561, 2.9227829936913636, 2.8905434158491663, 2.858303838006969, 2.8260642601647716, 2.7938246823225743, 2.761585104480377, 2.7293455266381796, 2.6971059487959823, 2.664866370953785, 2.6326267931115876, 2.6003872152693903, 2.568147637427193, 2.5359080595849957, 2.5036684817427983, 2.471428903900601, 2.4391893260584037, 2.4069497482162063, 2.374710170374009, 2.3424705925318117, 2.3102310146896143, 2.277991436847417, 2.2457518590052197, 2.2135122811630223, 2.181272703320825, 2.1490331254786277, 2.1167935476364304, 2.084553969794233, 2.0523143919520357, 2.0200748141098384, 1.987835236267641, 1.9555956584254437, 1.9233560805832464, 1.891116502741049, 1.8588769248988517, 1.8266373470566544, 1.794397769214457, 1.7621581913722597, 1.7299186135300624, 1.697679035687865, 1.6654394578456677, 1.6331998800034704, 1.600960302161273, 1.5687207243190757, 1.5364811464768784, 1.504241568634681, 1.4720019907924837, 1.4397624129502864, 1.407522835108089, 1.3752832572658917, 1.3430436794236944, 1.310804101581497, 1.2785645237393, 1.2463249458971029, 1.2140853680549057, 1.1818457902127086, 1.1496062123705113, 1.1173666345283142, 1.085127056686117, 1.05288747884392, 1.0206479010017229, 0.9884083231595256, 0.9561687453173284, 0.9239291674751312, 0.891689589632934, 0.8594500117907368, 0.8272104339485395, 0.7949708561063423, 0.7627312782641451, 0.730491700421948, 0.6982521225797509, 0.6660125447375538, 0.6337729668953567, 0.6015333890531596, 0.5692938112109625, 0.5370542333687653, 0.5048146555265682, 0.4725750776843711, 0.440335499842174, 0.4080959219999769, 0.3758563441577798, 0.3436167663155827, 0.3113771884733856, 0.27913761063118847, 0.24689803278899142, 0.21465845494679436, 0.1824188771045973, 0.0]}, "1": {"X": [10.0, 9.647615267205284, 9.27264840088444, 8.897681534563597, 8.522714668242754, 8.147747801921911, 7.772780935601068, 7.397814069280225, 7.022847202959381, 6.647880336638538, 6.272913470317695, 5.897946603996852, 5.522979737676009, 5.148012871355165, 4.773046005034322, 4.398079138713479, 4.023112272392636, 3.648145406071792, 3.2731785397509485, 2.898211673430105, 2.5232448071092612, 2.1482779407884176, 0.0], "Y": [0.0, -0.12825755374712575, -0.12327266041560836, -0.118287767084091, -0.11330287375257364, -0.10831798042105628, -0.10333308708953892, -0.09834819375802156, -0.0933633004265042, -0.08837840709498684, -0.08339351376346948, -0.07840862043195213, -0.07342372710043477, -0.06843883376891736, -0.0634539404374, -0.05846904710588261, -0.053484153774365245, -0.048499260442847844, -0.04351436711133048, -0.03852947377981308, -0.033544580448295676, -0.028559687116778275, 0.0]}, "2": {"X": [15.0, 14.784541294886338, 14.94261621203385, 15.10069112918136, 15.258766046328871, 15.416840963476382, 15.574915880623893, 15.359457175510231, 14.98669588959428, 14.613934603678329, 14.241173317762378, 13.868412031846427, 13.495650745930476, 13.122889460014525, 12.750128174098574, 12.377366888182623, 12.004605602266672, 11.63184431635072, 11.25908303043477, 10.886321744518819, 10.513560458602868, 10.140799172686917, 9.768037886770966, 9.395276600855015, 9.022515314939064, 8.649754029023113, 8.276992743107161, 7.904231457191211, 7.531470171275261, 7.158708885359311, 6.785947599443361, 6.413186313527411, 6.040425027611461, 5.6676637416955105, 5.29490245577956, 4.92214116986361, 4.54937988394766, 4.17661859803171, 3.8038573121157593, 3.4310960261998087, 3.058334740283858, 2.6855734543679075, 2.312812168451957, 0.0],