{"0": {"longitude": 22.713894626921732, "deviation": 0.08647762895220978, "number_of_turns": 0.8381868373418646, "max_turn": 0.4309433452098545, "m1": 22.713894626921732, "m2": 0, "m3": 0.8381868373418646, "m4": 0}, "1": {"longitude": 20.221896345006574, "deviation": 2.333352525008255, "number_of_turns": 10.325776590891797, "max_turn": 1.4461863904299268, "m1": 20.221896345006574, "m2": 0, "m3": 10.325776590891797, "m4": 0}, "2": {"longitude": 16.836704067079832, "deviation": 0.3442815646091901, "number_of_turns": 3.344507283811452, "max_turn": 0.8144869842640199, "m1": 16.836704067079832, "m2": 0, "m3": 3.344507283811452, "m4": 0}, "3": {"longitude": 20.339375414737965, "deviation": 0.3393754147379653, "number_of_turns": 1.6993819890378061, "max_turn": 0.8848950047737855, "m1": 20.339375414737965, "m2": 0, "m3": 1.6993819890378061, "m4": 0}, "4": {"longitude": 17.88854381999832, "deviation": 0.0, "number_of_turns": 0, "max_turn": 0, "m1": 17.88854381999832, "m2": 0, "m3": 0, "m4": 0}, "waypoints": {"0": {"X": [-8.0, -7.292893218813452, -6.585786437626904, -5.878679656440356, -5.171572875253808, -4.4644660940672605, -3.5351185698404377, -2.8449671223579123, -2.154815674875387, -1.4646642273928614, -0.7745127799103361, -0.08436133242781063, 0.6057901150547147, 1.29594156253724, 1.9860930100197653, 2.676244457502291, 3.3663959049848162, 4.056547352467342, 4.746698799949867, 5.436850247432392, 6.1270016949149175, 6.8171531423974425, 7.507304589879968, 8.0], "Y": [-8.0, -7.292893218813452, -6.585786437626904, -5.878679656440356, -5.171572875253808, -4.4644660940672605, -4.095259946754576, -3.3715949831576255, -2.6479300195606754, -1.9242650559637253, -1.2006000923667752, -0.47693512876982525, 0.24672983482712485, 0.9703947984240748, 1.6940597620210247, 2.417724725617975, 3.141389689214925, 3.865054652811875, 4.5887196164088255, 5.312384580005776, 6.036049543602726, 6.759714507199676, 7.483379470796626, 8.0]}, "1": {"X": [-4.0, -3.552786404500042, -3.1055728090000843, -2.6583592135001264, -2.601984999446532, -2.1296028642152605, -2.4465372281610644, -1.9229055640930015, -2.1832498784900647, -1.60265391820067, -1.3920262641597363, -0.7751316482296262, -1.3037223588530704, -0.5925780794594869, 0.11856619993409656, 0.8297104793276802, 0.4122889186829859, 1.26207555201906, 2.1118621853551343, 2.9616488186912084, 3.8114354520272826, 4.0], "Y": [-8.0, -7.105572809000084, -6.2111456180001685, -5.316718427000253, -4.318308717517297, -3.4369148678029116, -2.488467394850261, -1.6365226311564451, -0.6710067908093676, 0.14318503603221622, 1.1207513976431365, 1.907797160503494, 2.7566739835129352, 3.459720080071177, 4.162766176629419, 4.865812273187661, 5.774525231557326, 6.301652045334941, 6.828778859112556, 7.355905672890171, 7.883032486667786, 8.0]}, "2": {"X": [0.0, -0.24253562503633297, -0.08098192795476303, -0.349783639662251, -0.618585351369739, -0.887387063077227, -1.156188774784715, -1.4249904864922032, -1.693792198199691, -1.962593909907179, -1.8279097087669969, -2.1534073758039214, -2.478905042840846, -2.8044027098777704, -3.477790298707069, -3.4021571111282833, -3.727654778165208, -4.0], "Y": [-8.0, -7.029857499854668, -6.042993576631574, -5.079798041040215, -4.116602505448856, -3.153406969857498, -2.190211434266139, -1.2270158986747806, -0.2638203630834218, 0.6993751725079369, 1.6902637464471217, 2.6358065898728014, 3.581349433298481, 4.52689227672416, 5.266181905496716, 6.263317613881825, 7.208860457307505, 8.0]}, "3": {"X": [4.0, 3.4, 2.8, 2.1999999999999997, 1.5999999999999996, 0.9999999999999997, 0.3999999999999997, -0.2000000000000003, -0.8000000000000002, -1.4000000000000001, -1.2298460694628013, -1.8846393871410507, -2.5394327048193004, -3.19422602249755, -3.8490193401757997, -4.503812657854049, -5.158605975532299, -5.813399293210549, -6.468192610888798, -7.122985928567047, -7.777779246245297, -8.0], "Y": [-8.0, -7.2, -6.4, -5.6000000000000005, -4.800000000000001, -4.000000000000001, -3.200000000000001, -2.4000000000000012, -1.6000000000000012, -0.8000000000000012, 0.185417495238815, 0.9412254808567966, 1.6970334664747782, 2.45284145209276, 3.2086494377107417, 3.9644574233287235, 4.720265408946705, 5.476073394564687, 6.231881380182669, 6.987689365800651, 7.7434973514186325, 8.0]}, "4": {"X": [8.0, 7.552786404500042, 7.105572809000083, 6.658359213500125, 6.211145618000167, 5.763932022500208, 5.31671842700025, 4.869504831500293, 4.422291236000335, 3.9750776405003774, 3.5278640450004195, 3.0806504495004616, 2.6334368540005038, 2.186223258500546, 1.739009663000588, 1.2917960675006301, 0.8445824720006724, 0.39736887650071495, 0.0], "Y": [-8.0, -7.105572809000084, -6.2111456180001685, -5.316718427000253, -4.422291236000337, -3.5278640450004213, -2.6334368540005055, -1.7390096630005896, -0.8445824720006736, 0.049844718999242255, 0.9442719099991581, 1.838699100999074, 2.73312629199899, 3.6275534829989056, 4.521980673998821, 5.416407864998737, 6.310835055998653, 7.2052622469985685, 8.0]}}, "total_time": 24.088956117630005, "min_cost": 0.40443514466407565}