{"0": {"longitude": 25.699221786109877, "deviation": 0.20412421814595305, "turns": [0.3942837076279184], "max_turn": 0.3942837076279184, "m1: tiempo de vuelo": 17.13281452407325, "m2": 0, "m3: cant de giros": 1, "m4: suma de angulos": 0.3942837076279184, "angles_rate": 0.3942837076279184}, "1": {"longitude": 21.098881527655582, "deviation": 1.3757986043395611, "turns": [0.34906585039886623, 0.34906585039886606, 0.33069643355184536], "max_turn": 0.34906585039886623, "m1: tiempo de vuelo": 14.065921018437054, "m2": 0, "m3: cant de giros": 3, "m4: suma de angulos": 1.0288281343495778, "angles_rate": 0.34294271144985927}, "2": {"longitude": 17.63838144501927, "deviation": 3.552713678800501e-15, "turns": [], "max_turn": 0, "m1: tiempo de vuelo": 11.75892096334618, "m2": 0, "m3: cant de giros": 0, "m4: suma de angulos": 0, "angles_rate": 0}, "3": {"longitude": 22.563690288375323, "deviation": 0.21978731687099184, "turns": [0.34906585039886584, 0.34906585039886595, 0.07571992221681342], "max_turn": 0.34906585039886595, "m1: tiempo de vuelo": 15.042460192250216, "m2": 0, "m3: cant de giros": 3, "m4: suma de angulos": 0.7738516230145452, "angles_rate": 0.25795054100484843}, "4": {"longitude": 19.474342094150444, "deviation": -3.552713678800501e-15, "turns": [], "max_turn": 0, "m1: tiempo de vuelo": 12.98289472943363, "m2": 0, "m3: cant de giros": 0, "m4: suma de angulos": 0, "angles_rate": 0}, "waypoints": {"0": {"X": [-9.5, -6.714934890712933, -4.571918485546763, -2.4289020803805927, -0.28588567521442254, 1.8571307299517477, 4.000147135117918, 6.143163540284088, 8.286179945450257, 9.5], "Y": [-8.0, -6.884915995526876, -4.785515917602551, -2.6861158396782248, -0.586715761753899, 1.5126843161704269, 3.6120843940947527, 5.7114844720190785, 7.810884549943404, 9.0]}, "1": {"X": [-5.0, -2.172678246884976, 0.14104755909637356, 1.6621079387865543, 3.183168318476735, 3.7821974439800505, 4.381226569483366, 5.0], "Y": [-8.0, -6.996879018082771, -5.087252642391453, -2.501449996918144, 0.08435264855516511, 3.0239383518131486, 5.963524055071132, 9.0]}, "2": {"X": [0.0, -0.8589223476782255, -1.717844695356451, -2.5767670430346765, -3.435689390712902, -4.2946117383911275, -5.05], "Y": [-8.0, -5.125586598859008, -2.251173197718016, 0.6232402034229763, 3.497653604563969, 6.372067005704961, 8.9]}, "3": {"X": [5.0, 3.053160181751751, 2.0043907825799363, 0.05755096433168694, -2.0563761663673072, -4.170303297066301, -6.284230427765295, -8.39815755846429, -9.5], "Y": [-8.0, -5.717498144122743, -2.9067895595553583, -0.6242877036781009, 1.5044001752968126, 3.6330880542717265, 5.76177593324664, 7.8904638122215545, 9.0]}, "4": {"X": [9.5, 8.036535927005174, 6.573071854010347, 5.109607781015521, 3.6461437080206958, 2.18267963502587, 0.0], "Y": [-8.0, -5.381169553588206, -2.762339107176412, -0.14350866076461832, 2.475321785647176, 5.09415223205897, 9.0]}}, "total_time": 3.9953999519348145, "min_cost": 0}