{"0": {"longitude": 101.42948267226498, "deviation": 1.4294826722649816, "number_of_turns": 101, "m1": 101.42948267226498, "m2": 0, "m3": 101, "m4": 0}, "1": {"longitude": 101.34082948714226, "deviation": 1.3408294871422441, "number_of_turns": 101, "m1": 101.34082948714226, "m2": 0, "m3": 101, "m4": 0}, "2": {"longitude": 101.34082948714226, "deviation": 1.3408294871422584, "number_of_turns": 101, "m1": 101.34082948714226, "m2": 0, "m3": 101, "m4": 0}, "3": {"longitude": 101.34082948714227, "deviation": 1.3408294871422726, "number_of_turns": 101, "m1": 101.34082948714227, "m2": 0, "m3": 101, "m4": 0}, "4": {"longitude": 101.34082948714227, "deviation": 1.3408294871422584, "number_of_turns": 101, "m1": 101.34082948714227, "m2": 0, "m3": 101, "m4": 0}, "5": {"longitude": 101.23797514280149, "deviation": 1.2379751428014742, "number_of_turns": 92, "m1": 101.23797514280149, "m2": 0, "m3": 92, "m4": 0}, "total_time": 57.606600522994995, "min_cost": 0.9415091487341373}