{"0": {"longitude": 25.609932951929952, "deviation": 0.1148353839660281, "turns": [0.3541669881359429, 0.3490658503988658, 0.3543188887790124, 0.3490658503988669, 0.3544801112912584, 0.349065850398864, 0.3546515407810146, 0.3490658503988661, 0.3551415846580655], "max_turn": 0.3551415846580655, "m1: tiempo de vuelo": 17.073288634619967, "m2": 0, "m3: cant de giros": 9, "m4: suma de angulos": 3.1690225152407567, "angles_rate": 0.3521136128045285}, "1": {"longitude": 20.854287795587457, "deviation": 1.1312048722714358, "turns": [0.3490658503988666, 0.3490658503988656, 0.3080026827411988], "max_turn": 0.3490658503988666, "m1: tiempo de vuelo": 13.902858530391638, "m2": 0, "m3: cant de giros": 3, "m4: suma de angulos": 1.0061343835389311, "angles_rate": 0.3353781278463104}, "2": {"longitude": 17.638381445019267, "deviation": 0.0, "turns": [], "max_turn": 0, "m1: tiempo de vuelo": 11.758920963346178, "m2": 0, "m3: cant de giros": 0, "m4: suma de angulos": 0, "angles_rate": 0}, "3": {"longitude": 22.79486894299597, "deviation": 0.4509659714916374, "turns": [0.34906585039886556, 0.35499909308367855, 0.3490658503988677, 0.3552055787880128, 0.34906585039886534, 0.3554269503375893, 0.34906585039886506, 0.3769734616567313, 0.34906585039886573, 0.3490658503988663, 0.0906383363725485], "max_turn": 0.3769734616567313, "m1: tiempo de vuelo": 15.196579295330645, "m2": 0, "m3: cant de giros": 11, "m4: suma de angulos": 3.6276385226317567, "angles_rate": 0.3297853202392506}, "4": {"longitude": 19.47434209415045, "deviation": 3.552713678800501e-15, "turns": [], "max_turn": 0, "m1: tiempo de vuelo": 12.982894729433633, "m2": 0, "m3: cant de giros": 0, "m4: suma de angulos": 0, "angles_rate": 0}, "waypoints": {"0": {"X": [-9.5, -9.151866861339117, -8.873680528955637, -8.526262941329893, -8.249401424744192, -7.902730143646381, -7.627242097893149, -7.281350039279731, -7.007287414839058, -6.733224790398385, -6.459162165957712, -6.1850995415170384, -5.8400220035098265, -5.567519562861844, -5.295017122213862, -5.022514681565879, -4.750012240917897, -4.477509800269915, -4.205007359621932, -3.9325049189739496, -3.660002478325967, -3.387500037677984, -3.1149975970300012, -2.842495156382019, -2.5699927157340365, -2.2974902750860537, -2.024987834438071, -1.7524853937900884, -1.4799829531421058, -1.2074805124941232, -0.9349780718461407, -0.6624756311981581, -0.38997319055017554, -0.11747074990219292, 0.15503169074578965, 0.4275341313937723, 0.700036572041755, 0.9725390126897375, 1.24504145333772, 1.5175438939857027, 1.7900463346336852, 2.062548775281668, 2.3350512159296506, 2.6075536565776334, 2.880056097225616, 3.152558537873599, 3.4250609785215818, 3.6975634191695645, 3.9700658598175473, 4.24256830046553, 4.5150707411135125, 4.787573181761495, 5.060075622409477, 5.3325780630574595, 5.605080503705442, 5.877582944353424, 6.150085385001407, 6.422587825649389, 6.695090266297372, 6.967592706945355, 7.240095147593338, 7.51259758824132, 7.785100028889303, 8.057602469537287, 8.33010491018527, 9.5], "Y": [-8.0, -7.860614499440859, -7.609144094671176, -7.4679845402361, -7.21505628828732, -7.072073691926776, -6.817650154008081, -6.672792693764668, -6.41683434190896, -6.160875990053253, -5.904917638197545, -5.648959286341837, -5.502172049965913, -5.2445533009570475, -4.986934551948182, -4.7293158029393165, -4.471697053930451, -4.2140783049215855, -3.9564595559127205, -3.6988408069038554, -3.44122205789499, -3.183603308886125, -2.92598455987726, -2.6683658108683943, -2.4107470618595292, -2.153128312850664, -1.895509563841799, -1.6378908148329336, -1.3802720658240684, -1.122653316815203, -0.8650345678063378, -0.6074158187974725, -0.3497970697886073, -0.09217832077974203, 0.1654404282291232, 0.42305917723798847, 0.6806779262468537, 0.9382966752557189, 1.1959154242645842, 1.4535341732734495, 1.7111529222823147, 1.96877167129118, 2.2263904203000453, 2.4840091693089104, 2.741627918317776, 2.999246667326641, 3.256865416335506, 3.5144841653443715, 3.772102914353237, 4.0297216633621025, 4.287340412370968, 4.5449591613798335, 4.802577910388699, 5.0601966593975645, 5.31781540840643, 5.5754341574152955, 5.833052906424161, 6.0906716554330265, 6.348290404441892, 6.605909153450757, 6.863527902459622, 7.121146651468488, 7.378765400477352, 7.636384149486217, 7.894002898495082, 9.0]}, "1": {"X": [-5.0, -4.646584780860622, -4.293169561721244, -3.9397543425818666, -3.586339123442489, -3.232923904303111, -2.8795086851637333, -2.5260934660243555, -2.236877740276687, -1.9476620145290182, -1.6584462887813496, -1.369230563033681, -1.0800148372860123, -0.7907991115383437, -0.6006665640770711, -0.41053401661579847, -0.22040146915452588, -0.030268921693253292, 0.1598636257680193, 0.3499961732292919, 0.5401287206905645, 0.7302612681518371, 0.9203938156131097, 1.1105263630743822, 1.3006589105356547, 1.4907914579969272, 1.6809240054581998, 1.8710565529194723, 2.0611891003807448, 2.2513216478420173, 2.4414541953032898, 2.6315867427645623, 2.821719290225835, 3.0118518376871073, 3.20198438514838, 3.285181807621021, 3.368379230093662, 3.451576652566303, 3.534774075038944, 3.617971497511585, 3.701168919984226, 3.784366342456867, 3.8675637649295083, 3.950761187402149, 4.03395860987479, 4.117156032347431, 4.200353454820072, 4.283550877292713, 4.366748299765354, 4.449945722237995, 4.533143144710636, 4.616340567183277, 5.0], "Y": [-8.0, -7.874609877260347, -7.749219754520693, -7.62382963178104, -7.498439509041386, -7.373049386301733, -7.247659263562079, -7.122269140822426, -6.883565843861011, -6.6448625468995965, -6.406159249938182, -6.167455952976767, -5.9287526560153525, -5.690049359053938, -5.366824028369774, -5.043598697685611, -4.720373367001447, -4.397148036317284, -4.07392270563312, -3.750697374948957, -3.4274720442647935, -3.10424671358063, -2.7810213828964665, -2.457796052212303, -2.1345707215281395, -1.8113453908439758, -1.4881200601598121, -1.1648947294756484, -0.8416693987914847, -0.518444068107321, -0.19521873742315737, 0.12800659326100627, 0.4512319239451699, 0.7744572546293336, 1.0976825853134973, 1.4633370518442768, 1.8289915183750562, 2.1946459849058355, 2.560300451436615, 2.9259549179673945, 3.291609384498174, 3.6572638510289535, 4.022918317559733, 4.388572784090512, 4.754227250621292, 5.119881717152071, 5.485536183682851, 5.85119065021363, 6.21684511674441, 6.582499583275189, 6.948154049805969, 7.313808516336748, 9.0]}, "2": {"X": [0.0, -0.10736529345977819, -0.21473058691955635, -0.3220958803793345, -0.4294611738391127, -0.5368264672988908, -0.644191760758669, -0.7515570542184472, -0.8589223476782254, -0.9662876411380036, -1.0736529345977817, -1.1810182280575598, -1.288383521517338, -1.3957488149771162, -1.5031141084368944, -1.6104794018966726, -1.7178446953564508, -1.825209988816229, -1.9325752822760072, -2.0399405757357854, -2.1473058691955633, -2.2546711626553413, -2.3620364561151193, -2.4694017495748977, -2.5767670430346756, -2.6841323364944536, -2.7914976299542316, -2.89886292341401, -3.0062282168737884, -3.1135935103335663, -3.2209588037933443, -3.3283240972531227, -3.4356893907129007, -3.543054684172679, -3.650419977632457, -3.7577852710922355, -3.865150564552014, -3.972515858011792, -4.07988115147157, -4.187246444931348, -4.294611738391126, -4.401977031850904, -4.509342325310682, -4.61670761877046, -5.05],