{"0": {"longitude": 22.627416997969515, "deviation": -7.105427357601002e-15, "number_of_turns": 45}, "1": {"longitude": 18.209808115125405, "deviation": 0.32126429512708654, "number_of_turns": 22}, "2": {"longitude": 16.492422502470635, "deviation": -7.105427357601002e-15, "number_of_turns": 32}, "3": {"longitude": 20.0, "deviation": 0.0, "number_of_turns": 40}, "4": {"longitude": 17.888543819998315, "deviation": -3.552713678800501e-15, "number_of_turns": 35}, "total_time": 534.7427115440369, "max_turn_angle": 0.5235987755982988, "max_total_turn": 0.41887902047863906}