{"0": {"longitude": 21.204178839774052, "deviation": 1.2041788397740518, "turns": [0.7853108969348486, 0.6447538304707292], "max_turn": 0.7853108969348486, "m1: tiempo de vuelo": 14.136119226516035, "m2": 0, "m3: cant de giros": 2, "m4: suma de angulos": 1.4300647274055778, "angles_rate": 0.7150323637027889}, "1": {"longitude": 21.204178839774052, "deviation": 1.2041788397740518, "turns": [0.7853108969348489, 0.6447538304707301], "max_turn": 0.7853108969348489, "m1: tiempo de vuelo": 14.136119226516035, "m2": 0, "m3: cant de giros": 2, "m4: suma de angulos": 1.430064727405579, "angles_rate": 0.7150323637027896}, "2": {"longitude": 21.34279154321454, "deviation": 1.3427915432145383, "turns": [0.3926554484674243, 0.7701620188787518], "max_turn": 0.7701620188787518, "m1: tiempo de vuelo": 14.228527695476359, "m2": 0, "m3: cant de giros": 2, "m4: suma de angulos": 1.162817467346176, "angles_rate": 0.581408733673088}, "3": {"longitude": 21.204178839774052, "deviation": 1.2041788397740518, "turns": [0.7853108969348486, 0.6447538304707288], "max_turn": 0.7853108969348486, "m1: tiempo de vuelo": 14.136119226516035, "m2": 0, "m3: cant de giros": 2, "m4: suma de angulos": 1.4300647274055773, "angles_rate": 0.7150323637027887}, "4": {"longitude": 21.204178839774052, "deviation": 1.2041788397740518, "turns": [0.7853108969348488, 0.6447538304707296], "max_turn": 0.7853108969348488, "m1: tiempo de vuelo": 14.136119226516035, "m2": 0, "m3: cant de giros": 2, "m4: suma de angulos": 1.4300647274055784, "angles_rate": 0.7150323637027892}, "waypoints": {"0": {"X": [10.0, 7.228311311960403, 4.456622623920806, 1.684933935881209, -1.086754752158388, -3.991928174905708, -6.897101597653027, -10.0], "Y": [0.0, -1.1479293604544394, -6.661338147750939e-16, 1.147929360454438, 2.2958587209088765, 1.5475490365116849, 0.7992393521144934, -0.0]}, "1": {"X": [3.0901699437494745, 3.3254167345351595, 1.3771721283073988, -0.571072477920362, -2.5193170841481227, -2.705380241830758, -2.8914433995133932, -3.0901699437494745], "Y": [9.510565162951535, 6.519802894327524, 4.238499987148288, 1.9571970799690508, -0.324105827210186, -3.318330351415605, -6.312554875621023, -9.510565162951535]}, "2": {"X": [-8.090169943749473, -5.663118960624631, -4.095511657632446, -2.527904354640261, -0.9602970516480758, 1.9458366087900725, 4.851970269228221, 8.090169943749473], "Y": [5.877852522924733, 4.114496766047313, 1.5566446703221577, -1.0012074254029972, -3.559059521128152, -4.303631309250943, -5.048203097373735, -5.877852522924733]}, "3": {"X": [-8.090169943749475, -6.522562640757288, -3.605483440267802, -0.6884042397783166, 2.228674960711169, 4.13916423468388, 6.049653508656592, 8.090169943749475], "Y": [-5.87785252292473, -3.320000427199576, -2.6195370533736337, -1.9190736795476913, -1.2186103057217488, 1.0944030392538533, 3.407416384229456, 5.87785252292473]}, "4": {"X": [3.0901699437494723, 1.1419253375217129, 1.3771721283073985, 1.6124189190930842, 1.8476657098787699, 0.2382329490906956, -1.3711998116973783, -3.0901699437494723], "Y": [-9.510565162951536, -7.229262255772299, -4.2384999871482885, -1.2477377185242782, 1.7430245500997321, 4.27476825523698, 6.806511960374228, 9.510565162951536]}}, "total_time": 26.151321411132812, "min_cost": 0}