{"0": {"longitude": 29.226427485587262, "deviation": 3.731329917623338, "turns": [0.7853108969348483, 0.39265544846742434, 0.3926554484674243, 0.7429575469146468], "max_turn": 0.7853108969348483, "m1: tiempo de vuelo": 19.484284990391508, "m2": 0, "m3: cant de giros": 4, "m4: suma de angulos": 2.3135793407843437, "angles_rate": 0.5783948351960859}, "1": {"longitude": 24.573229755153502, "deviation": 4.850146831837481, "turns": [1.5706217938687277, 1.12289861644514], "max_turn": 1.5706217938687277, "m1: tiempo de vuelo": 16.382153170102335, "m2": 0, "m3: cant de giros": 2, "m4: suma de angulos": 2.6935204103138677, "angles_rate": 1.3467602051569338}, "2": {"longitude": 20.334913283370007, "deviation": 2.69653183835074, "turns": [1.177966345402273, 1.1779663454022733, 0.5428815240324699], "max_turn": 1.1779663454022733, "m1: tiempo de vuelo": 13.556608855580004, "m2": 0, "m3: cant de giros": 3, "m4: suma de angulos": 2.898814214837016, "angles_rate": 0.966271404945672}, "3": {"longitude": 23.51909421631156, "deviation": 1.1751912448072304, "turns": [0.4512393054571175, 0.3926554484674246, 0.7853108969348485, 0.3926554484674236], "max_turn": 0.7853108969348485, "m1: tiempo de vuelo": 15.679396144207708, "m2": 0, "m3: cant de giros": 4, "m4: suma de angulos": 2.0218610993268142, "angles_rate": 0.5054652748317036}, "4": {"longitude": 20.280368684212483, "deviation": 0.8060265900620358, "turns": [0.46127490920409164, 0.39265544846742423, 0.9201804960700325], "max_turn": 0.9201804960700325, "m1: tiempo de vuelo": 13.52024578947499, "m2": 0, "m3: cant de giros": 3, "m4: suma de angulos": 1.7741108537415484, "angles_rate": 0.5913702845805161}, "waypoints": {"0": {"X": [-9.5, -6.504604429772169, -4.268880489196871, -1.437870174054078, 1.3931401410887148, 4.2241504562315075, 6.459874396806805, 8.695598337382103, 8.98894620826307, 9.282294079144037, 9.5], "Y": [-8.0, -8.166148661925046, -6.165764083515569, -5.173100698699193, -4.180437313882818, -3.187773929066442, -1.1873893506569644, 0.8129952277525132, 3.798618617708052, 6.7842420076635905, 9.0]}, "1": {"X": [-5.0, -4.584137642955694, -4.168275285911388, -3.752412928867082, -3.3365505718227757, -2.9206882147784694, 0.05042092525386588, 3.0215300652862007, 5.0], "Y": [-8.0, -5.028963396389477, -2.0579267927789533, 0.9131098108315703, 3.884146414442094, 6.855183018052617, 6.439839211048927, 6.0244954040452345, 9.0]}, "2": {"X": [0.0, 0.3063193940964321, 0.6126387881928642, 0.9189581822892963, -1.7207844627783657, -4.3605271078460275, -4.054207713749595, -5.05], "Y": [-8.0, -5.015679570019266, -2.031359140038532, 0.952961289942202, 2.3783590476965712, 3.8037568054509405, 6.7880772354316745, 8.9]}, "3": {"X": [5.0, 2.327938400894338, 0.5180797582133732, -1.2917788844675915, -3.8794025484394985, -6.4670262124114055, -7.223645699685852, -7.980265186960297, -9.5], "Y": [-8.0, -6.636150004368189, -4.243575722655494, -1.8510014409427997, -0.3330410417055196, 1.1849193575317605, 4.087939672906173, 6.9909599882805855, 9.0]}, "4": {"X": [9.5, 7.145833608013261, 5.8653753795548775, 4.584917151096494, 3.304458922638111, 2.024000694179728, 1.8791050208305085, 0.0], "Y": [-8.0, -6.14045688438258, -3.4274462457795503, -0.7144356071765205, 1.9985750314265092, 4.711585670029539, 7.708084500972857, 9.0]}}, "total_time": 18.23454976081848, "min_cost": 0}