{"0": {"longitude": 22.92378700971595, "deviation": 2.9237870097159515, "turns": [0.39265544846742384, 1.177966345402273, 0.7853108969348486, 0.12313170548310386], "max_turn": 1.177966345402273, "m1: tiempo de vuelo": 15.282524673143968, "m2": 0, "m3: cant de giros": 4, "m4: suma de angulos": 2.479064396287649, "angles_rate": 0.6197660990719123}, "1": {"longitude": 13.745511907938115, "deviation": 3.7453869087193556, "turns": [0.3926554484674244, 0.39265544846742456, 1.110345457644769], "max_turn": 1.110345457644769, "m1: tiempo de vuelo": 9.163674605292076, "m2": 0, "m3: cant de giros": 3, "m4: suma de angulos": 1.8956563545796181, "angles_rate": 0.6318854515265394}, "2": {"longitude": 17.515323550339247, "deviation": 1.3411929709232382, "turns": [0.39265544846742445, 0.7853108969348476, 0.7157912822395598], "max_turn": 0.7853108969348476, "m1: tiempo de vuelo": 11.676882366892832, "m2": 0, "m3: cant de giros": 3, "m4: suma de angulos": 1.8937576276418318, "angles_rate": 0.6312525425472773}, "3": {"longitude": 17.860235713042975, "deviation": 1.7324646333184148, "turns": [1.177966345402273, 0.3926554484674241, 0.39265544846742473, 0.3703630692633263], "max_turn": 1.177966345402273, "m1: tiempo de vuelo": 11.906823808695316, "m2": 0, "m3: cant de giros": 4, "m4: suma de angulos": 2.333640311600448, "angles_rate": 0.583410077900112}, "4": {"longitude": 23.677284886676386, "deviation": 0.28487158663399725, "turns": [0.39265544846742473, 0.0984634995150934], "max_turn": 0.39265544846742473, "m1: tiempo de vuelo": 15.78485659111759, "m2": 0, "m3: cant de giros": 2, "m4: suma de angulos": 0.4911189479825181, "angles_rate": 0.24555947399125905}, "5": {"longitude": 25.09429453277154, "deviation": 1.7447228022236736, "turns": [0.7509370900749228], "max_turn": 0.7509370900749228, "m1: tiempo de vuelo": 16.729529688514358, "m2": 0, "m3: cant de giros": 1, "m4: suma de angulos": 0.7509370900749228, "angles_rate": 0.7509370900749228}, "waypoints": {"0": {"X": [0.0, 2.1215054556044417, 4.893194143644038, 7.014699599248482, 9.136205054852926, 12.136205054852926, 15.113491648562986, 18.090778242273046, 20.0], "Y": [0.0, -2.121135215360065, -3.2690645758145056, -1.1479293604544418, 0.973205854905622, 0.9732058549056196, 0.6047434566689057, 0.23628105843219183, 0.0]}, "1": {"X": [10.0, 7.234085532477434, 4.468171064954868, 1.468208564251758, -1.3091850533868712, 0.0], "Y": [0.0, 1.161773281819376, 2.323546563638752, 2.3385463761422662, 1.2044896347486937, 0.05]}, "2": {"X": [15.0, 12.000129143689946, 9.000258287379893, 6.218037643182225, 3.4358169989845564, 2.2617375832226023, 0.0], "Y": [2.0, 2.0278360460839866, 2.055672092167973, 0.9335097656749145, -0.18865256081814286, -2.9493657884975533, -4.05]}, "3": {"X": [15.0, 12.000098880510176, 10.829221738528789, 8.690564568549188, 5.9096471201124166, 2.909948435431142, 0.05], "Y": [-2.0, -2.024357201885643, 0.7377157005529398, 2.841556357374374, 3.9669443549023002, 4.0094625994736806, 4.05]}, "4": {"X": [20.0, 18.21566894931519, 15.644322452120264, 13.072975954925337, 10.50162945773041, 7.790820508527757, 5.080011559325104, 2.369202610122452, -0.05], "Y": [4.0, 1.5883278204610711, 0.04295498798232544, -1.5024178444964191, -3.047790676975164, -4.332903450595756, -5.618016224216348, -6.90312899783694, -8.05]}, "5": {"X": [20.0, 17.033507793907503, 14.067015587815007, 11.10052338172251, 8.134031175630014, 6.2704643018424955, 4.406897428054977, 2.5433305542674596, 0.0], "Y": [-4.0, -3.5528713930059133, -3.1057427860118265, -2.6586141790177398, -2.211485572023653, 0.13949688365776236, 2.4904793393391778, 4.841461795020593, 8.05]}}, "total_time": 115.57401299476624, "min_cost": 0}