{"0": {"longitude": 20.762729795547877, "deviation": 0.7627297955478767, "turns": [0.3926554484674246, 0.2650967954285325], "max_turn": 0.3926554484674246, "m1: tiempo de vuelo": 13.841819863698584, "m2": 0, "m3: cant de giros": 2, "m4: suma de angulos": 0.6577522438959571, "angles_rate": 0.32887612194797855}, "1": {"longitude": 20.762729795547877, "deviation": 0.7627297955478767, "turns": [0.39265544846742456, 0.26509679542853104], "max_turn": 0.39265544846742456, "m1: tiempo de vuelo": 13.841819863698584, "m2": 0, "m3: cant de giros": 2, "m4: suma de angulos": 0.6577522438959555, "angles_rate": 0.3288761219479778}, "2": {"longitude": 20.68439853879126, "deviation": 0.6843985387912603, "turns": [0.3926554484674244, 0.39265544846742434, 0.5904315281354384], "max_turn": 0.5904315281354384, "m1: tiempo de vuelo": 13.78959902586084, "m2": 0, "m3: cant de giros": 3, "m4: suma de angulos": 1.3757424250702872, "angles_rate": 0.4585808083567624}, "3": {"longitude": 20.76272979554788, "deviation": 0.7627297955478802, "turns": [0.3926554484674241, 0.26509679542853243], "max_turn": 0.3926554484674241, "m1: tiempo de vuelo": 13.841819863698587, "m2": 0, "m3: cant de giros": 2, "m4: suma de angulos": 0.6577522438959565, "angles_rate": 0.3288761219479783}, "4": {"longitude": 20.76272979554788, "deviation": 0.7627297955478767, "turns": [0.39265544846742434, 0.2650967954285323], "max_turn": 0.39265544846742434, "m1: tiempo de vuelo": 13.841819863698587, "m2": 0, "m3: cant de giros": 2, "m4: suma de angulos": 0.6577522438959567, "angles_rate": 0.32887612194797833}, "5": {"longitude": 20.68439853879126, "deviation": 0.6843985387912603, "turns": [0.39265544846742456, 0.3926554484674244, 0.5904315281354395], "max_turn": 0.5904315281354395, "m1: tiempo de vuelo": 13.78959902586084, "m2": 0, "m3: cant de giros": 3, "m4: suma de angulos": 1.3757424250702885, "angles_rate": 0.45858080835676285}, "waypoints": {"0": {"X": [10.0, 7.228311311960403, 4.456622623920806, 1.456622623920806, -1.543377376079194, -4.438578810300321, -7.3337802445214475, -10.0], "Y": [0.0, -1.1479293604544394, -2.2958587209088788, -2.2958587209088783, -2.295858720908878, -1.509850670515034, -0.7238426201211902, -0.0]}, "1": {"X": [5.000000000000001, 4.60829164388377, 4.216583287767539, 2.7165832877675373, 1.2165832877675338, -0.9117203685631767, -3.0400240248938877, -5.000000000000001], "Y": [8.660254037844386, 5.685936542392913, 2.7116190469414403, 0.11354283558812472, -2.4845333757651895, -4.598847341676906, -6.713161307588621, -8.660254037844386]}, "2": {"X": [-4.999999999999998, -2.620019668076633, -1.1200196680766348, 1.2599606638467307, 2.2202255821657966, 3.1804905004848623, 4.140755418803929, 4.999999999999998], "Y": [8.660254037844387, 6.833865902847352, 4.235789691494035, 2.409401556497, -0.43276157862485265, -3.2749247137467052, -6.117087848868558, -8.660254037844387]}, "3": {"X": [-10.0, -7.228311311960403, -4.456622623920806, -1.456622623920806, 1.543377376079194, 4.438578810300321, 7.333780244521447, 10.0], "Y": [1.2246467991473533e-15, 1.14792936045444, 2.2958587209088788, 2.2958587209088788, 2.295858720908878, 1.5098506705150336, 0.7238426201211894, -1.2246467991473533e-15]}, "4": {"X": [-5.000000000000004, -4.608291643883772, -4.21658328776754, -2.716583287767539, -1.2165832877675378, 0.9117203685631741, 3.040024024893886, 5.000000000000004], "Y": [-8.660254037844386, -5.685936542392913, -2.7116190469414403, -0.11354283558812517, 2.48453337576519, 4.598847341676905, 6.713161307588619, 8.660254037844386]}, "5": {"X": [5.000000000000001, 2.6200196680766337, 1.120019668076633, -1.2599606638467342, -2.2202255821657997, -3.1804905004848654, -4.140755418803931, -5.000000000000001], "Y": [-8.660254037844386, -6.833865902847353, -4.235789691494037, -2.409401556497004, 0.43276157862484865, 3.2749247137467017, 6.117087848868555, 8.660254037844386]}}, "total_time": 198.80617022514343, "min_cost": 0}